flight_number,flight_boarding_pt,flight_boarding_time,destination,menu_cycle,itemcategory,Adults,Children,Elders,Middle Aged,Teenagers,C,F,M,Africa,Americas,Asia,China,Europe,Germany,Gulf,India,Indonesia,Iran,Italy,Japan,Mauritus,Northern Africa,Oceania,Thailand,null,asian / japanese,continental / european,indian,middle eastern,year,month,quarter,week,day,dayofweek,Meal,dishsubcategory,pax_count
1,DXB,6/21/2018 7:45,LHR,C,Lunch,20,3,24,34,2,3,35,59,2,1,4,5,26,1,1,1,2,,,,,,40,,,0,0,0,0,2018,6,2,25,21,3,1,Poultry,97
1,DXB,6/21/2018 7:45,LHR,C,Lunch,20,3,24,34,2,3,35,59,2,1,4,5,26,1,1,1,2,,,,,,40,,,0,0,0,0,2018,6,2,25,21,3,1,Red Meat,97
1,DXB,6/21/2018 7:45,LHR,C,Lunch,20,3,24,34,2,3,35,59,2,1,4,5,26,1,1,1,2,,,,,,40,,,0,0,0,0,2018,6,2,25,21,3,1,Seafood,97
1,DXB,6/22/2018 7:45,LHR,C,Lunch,15,5,12,59,6,8,39,69,2,6,7,,37,3,3,5,1,,3,,,1,29,,,0,0,0,0,2018,6,2,25,22,4,1,Poultry,116
1,DXB,6/22/2018 7:45,LHR,C,Lunch,15,5,12,59,6,8,39,69,2,6,7,,37,3,3,5,1,,3,,,1,29,,,0,0,0,0,2018,6,2,25,22,4,1,Red Meat,116
1,DXB,6/22/2018 7:45,LHR,C,Lunch,15,5,12,59,6,8,39,69,2,6,7,,37,3,3,5,1,,3,,,1,29,,,0,0,0,0,2018,6,2,25,22,4,1,Seafood,116
1,DXB,6/23/2018 7:45,LHR,C,Lunch,15,6,11,53,1,6,41,56,3,2,11,7,38,1,5,1,3,,1,,,,14,,,0,0,0,0,2018,6,2,25,23,5,1,Poultry,103
1,DXB,6/23/2018 7:45,LHR,C,Lunch,15,6,11,53,1,6,41,56,3,2,11,7,38,1,5,1,3,,1,,,,14,,,0,0,0,0,2018,6,2,25,23,5,1,Red Meat,103
1,DXB,6/23/2018 7:45,LHR,C,Lunch,15,6,11,53,1,6,41,56,3,2,11,7,38,1,5,1,3,,1,,,,14,,,0,0,0,0,2018,6,2,25,23,5,1,Seafood,103
1,DXB,6/24/2018 7:45,LHR,C,Lunch,34,1,10,52,,,31,71,13,3,15,1,21,,1,4,3,,1,3,,6,19,2,,0,0,0,0,2018,6,2,25,24,6,1,Poultry,101
1,DXB,6/24/2018 7:45,LHR,C,Lunch,34,1,10,52,,,31,71,13,3,15,1,21,,1,4,3,,1,3,,6,19,2,,0,0,0,0,2018,6,2,25,24,6,1,Red Meat,101
1,DXB,6/24/2018 7:45,LHR,C,Lunch,34,1,10,52,,,31,71,13,3,15,1,21,,1,4,3,,1,3,,6,19,2,,0,0,0,0,2018,6,2,25,24,6,1,Seafood,101
1,DXB,6/25/2018 7:45,LHR,C,Lunch,19,4,18,38,3,4,35,52,9,1,9,3,13,,2,8,,,6,1,,,28,2,,0,0,0,0,2018,6,2,26,25,0,1,Poultry,91
1,DXB,6/25/2018 7:45,LHR,C,Lunch,19,4,18,38,3,4,35,52,9,1,9,3,13,,2,8,,,6,1,,,28,2,,0,0,0,0,2018,6,2,26,25,0,1,Red Meat,91
1,DXB,6/25/2018 7:45,LHR,C,Lunch,19,4,18,38,3,4,35,52,9,1,9,3,13,,2,8,,,6,1,,,28,2,,0,0,0,0,2018,6,2,26,25,0,1,Seafood,91
1,DXB,6/26/2018 7:45,LHR,C,Lunch,24,4,12,39,1,4,31,50,8,1,10,,22,1,4,3,,,,1,1,,29,,,0,0,0,0,2018,6,2,26,26,1,1,Poultry,85
1,DXB,6/26/2018 7:45,LHR,C,Lunch,24,4,12,39,1,4,31,50,8,1,10,,22,1,4,3,,,,1,1,,29,,,0,0,0,0,2018,6,2,26,26,1,1,Red Meat,85
1,DXB,6/26/2018 7:45,LHR,C,Lunch,24,4,12,39,1,4,31,50,8,1,10,,22,1,4,3,,,,1,1,,29,,,0,0,0,0,2018,6,2,26,26,1,1,Seafood,85
1,DXB,6/27/2018 7:45,LHR,C,Lunch,11,,15,17,1,3,27,38,3,3,,7,16,,2,,,,,,,,10,,,0,0,0,0,2018,6,2,26,27,2,1,Poultry,68
1,DXB,6/27/2018 7:45,LHR,C,Lunch,11,,15,17,1,3,27,38,3,3,,7,16,,2,,,,,,,,10,,,0,0,0,0,2018,6,2,26,27,2,1,Red Meat,68
1,DXB,6/27/2018 7:45,LHR,C,Lunch,11,,15,17,1,3,27,38,3,3,,7,16,,2,,,,,,,,10,,,0,0,0,0,2018,6,2,26,27,2,1,Seafood,68
1,DXB,6/28/2018 7:45,LHR,C,Lunch,6,2,14,27,3,1,31,38,5,1,2,,15,,2,3,,,,,,,16,2,,0,0,0,0,2018,6,2,26,28,3,1,Poultry,69
1,DXB,6/28/2018 7:45,LHR,C,Lunch,6,2,14,27,3,1,31,38,5,1,2,,15,,2,3,,,,,,,16,2,,0,0,0,0,2018,6,2,26,28,3,1,Red Meat,69
1,DXB,6/28/2018 7:45,LHR,C,Lunch,6,2,14,27,3,1,31,38,5,1,2,,15,,2,3,,,,,,,16,2,,0,0,0,0,2018,6,2,26,28,3,1,Seafood,69
2,LHR,6/21/2018 14:20,DXB,C,Lunch,21,1,25,29,1,,28,51,3,,12,1,15,1,4,16,,,,,,1,24,,,0,0,0,0,2018,6,2,25,21,3,1,Poultry,78
2,LHR,6/21/2018 14:20,DXB,C,Lunch,21,1,25,29,1,,28,51,3,,12,1,15,1,4,16,,,,,,1,24,,,0,0,0,0,2018,6,2,25,21,3,1,Red Meat,78
2,LHR,6/21/2018 14:20,DXB,C,Lunch,21,1,25,29,1,,28,51,3,,12,1,15,1,4,16,,,,,,1,24,,,0,0,0,0,2018,6,2,25,21,3,1,Seafood,78
2,LHR,6/22/2018 14:20,DXB,C,Lunch,21,2,13,46,,2,32,53,1,,22,,22,,5,4,,,,1,,,27,,,0,0,0,0,2018,6,2,25,22,4,1,Poultry,87
2,LHR,6/22/2018 14:20,DXB,C,Lunch,21,2,13,46,,2,32,53,1,,22,,22,,5,4,,,,1,,,27,,,0,0,0,0,2018,6,2,25,22,4,1,Red Meat,87
2,LHR,6/22/2018 14:20,DXB,C,Lunch,21,2,13,46,,2,32,53,1,,22,,22,,5,4,,,,1,,,27,,,0,0,0,0,2018,6,2,25,22,4,1,Seafood,87
2,LHR,6/23/2018 14:20,DXB,C,Lunch,22,,13,57,2,,19,78,2,7,22,,36,,5,5,,,1,1,,,15,,,0,0,0,0,2018,6,2,25,23,5,1,Poultry,97
2,LHR,6/23/2018 14:20,DXB,C,Lunch,22,,13,57,2,,19,78,2,7,22,,36,,5,5,,,1,1,,,15,,,0,0,0,0,2018,6,2,25,23,5,1,Red Meat,97
2,LHR,6/23/2018 14:20,DXB,C,Lunch,22,,13,57,2,,19,78,2,7,22,,36,,5,5,,,1,1,,,15,,,0,0,0,0,2018,6,2,25,23,5,1,Seafood,97
2,LHR,6/24/2018 14:20,DXB,C,Lunch,27,3,15,38,2,3,32,57,1,4,7,,48,,4,3,,1,,,,,16,,,0,0,0,0,2018,6,2,25,24,6,1,Poultry,92
2,LHR,6/24/2018 14:20,DXB,C,Lunch,27,3,15,38,2,3,32,57,1,4,7,,48,,4,3,,1,,,,,16,,,0,0,0,0,2018,6,2,25,24,6,1,Red Meat,92
2,LHR,6/24/2018 14:20,DXB,C,Lunch,27,3,15,38,2,3,32,57,1,4,7,,48,,4,3,,1,,,,,16,,,0,0,0,0,2018,6,2,25,24,6,1,Seafood,92
2,LHR,6/25/2018 14:20,DXB,C,Lunch,15,3,23,43,1,3,22,66,,2,20,,32,1,3,10,,,,,,3,13,,,0,0,0,0,2018,6,2,26,25,0,1,Poultry,91
2,LHR,6/25/2018 14:20,DXB,C,Lunch,15,3,23,43,1,3,22,66,,2,20,,32,1,3,10,,,,,,3,13,,,0,0,0,0,2018,6,2,26,25,0,1,Red Meat,91
2,LHR,6/25/2018 14:20,DXB,C,Lunch,15,3,23,43,1,3,22,66,,2,20,,32,1,3,10,,,,,,3,13,,,0,0,0,0,2018,6,2,26,25,0,1,Seafood,91
2,LHR,6/26/2018 14:20,DXB,C,Lunch,15,1,11,30,2,,29,36,1,4,20,,17,,4,6,,,,,,1,3,,,0,0,0,0,2018,6,2,26,26,1,1,Poultry,64
2,LHR,6/26/2018 14:20,DXB,C,Lunch,15,1,11,30,2,,29,36,1,4,20,,17,,4,6,,,,,,1,3,,,0,0,0,0,2018,6,2,26,26,1,1,Red Meat,64
2,LHR,6/26/2018 14:20,DXB,C,Lunch,15,1,11,30,2,,29,36,1,4,20,,17,,4,6,,,,,,1,3,,,0,0,0,0,2018,6,2,26,26,1,1,Seafood,64
2,LHR,6/27/2018 14:20,DXB,C,Lunch,16,4,13,25,,3,26,31,,4,3,1,22,,,11,,,,4,2,,9,,,0,0,0,0,2018,6,2,26,27,2,1,Poultry,59
2,LHR,6/27/2018 14:20,DXB,C,Lunch,16,4,13,25,,3,26,31,,4,3,1,22,,,11,,,,4,2,,9,,,0,0,0,0,2018,6,2,26,27,2,1,Red Meat,59
2,LHR,6/27/2018 14:20,DXB,C,Lunch,16,4,13,25,,3,26,31,,4,3,1,22,,,11,,,,4,2,,9,,,0,0,0,0,2018,6,2,26,27,2,1,Seafood,59
2,LHR,6/28/2018 14:20,DXB,C,Lunch,17,3,14,20,,2,31,39,3,,12,,15,,2,9,,,,,,2,8,,,0,0,0,0,2018,6,2,26,28,3,1,Poultry,71
2,LHR,6/28/2018 14:20,DXB,C,Lunch,17,3,14,20,,2,31,39,3,,12,,15,,2,9,,,,,,2,8,,,0,0,0,0,2018,6,2,26,28,3,1,Red Meat,71
2,LHR,6/28/2018 14:20,DXB,C,Lunch,17,3,14,20,,2,31,39,3,,12,,15,,2,9,,,,,,2,8,,,0,0,0,0,2018,6,2,26,28,3,1,Seafood,71
3,DXB,6/21/2018 14:15,LHR,C,Lunch,25,4,13,39,9,5,41,53,,4,11,,34,2,13,9,,1,,,,1,15,,,0,0,0,0,2018,6,2,25,21,3,1,Poultry,99
3,DXB,6/21/2018 14:15,LHR,C,Lunch,25,4,13,39,9,5,41,53,,4,11,,34,2,13,9,,1,,,,1,15,,,0,0,0,0,2018,6,2,25,21,3,1,Red Meat,99
3,DXB,6/21/2018 14:15,LHR,C,Lunch,25,4,13,39,9,5,41,53,,4,11,,34,2,13,9,,1,,,,1,15,,,0,0,0,0,2018,6,2,25,21,3,1,Seafood,99
3,DXB,6/22/2018 14:15,LHR,C,Lunch,34,4,13,27,2,2,28,58,1,3,5,5,28,,15,6,,,1,,,,16,,,0,0,0,0,2018,6,2,25,22,4,1,Poultry,86
3,DXB,6/22/2018 14:15,LHR,C,Lunch,34,4,13,27,2,2,28,58,1,3,5,5,28,,15,6,,,1,,,,16,,,0,0,0,0,2018,6,2,25,22,4,1,Red Meat,86
3,DXB,6/22/2018 14:15,LHR,C,Lunch,34,4,13,27,2,2,28,58,1,3,5,5,28,,15,6,,,1,,,,16,,,0,0,0,0,2018,6,2,25,22,4,1,Seafood,86
3,DXB,6/23/2018 14:15,LHR,C,Lunch,23,4,11,33,2,4,33,41,1,2,2,2,27,,4,12,,,,,,,21,,,0,0,0,0,2018,6,2,25,23,5,1,Poultry,78
3,DXB,6/23/2018 14:15,LHR,C,Lunch,23,4,11,33,2,4,33,41,1,2,2,2,27,,4,12,,,,,,,21,,,0,0,0,0,2018,6,2,25,23,5,1,Red Meat,78
3,DXB,6/23/2018 14:15,LHR,C,Lunch,23,4,11,33,2,4,33,41,1,2,2,2,27,,4,12,,,,,,,21,,,0,0,0,0,2018,6,2,25,23,5,1,Seafood,78
3,DXB,6/24/2018 14:15,LHR,C,Lunch,27,3,15,32,4,2,27,58,,3,8,3,30,2,3,12,,,1,,,,16,2,,0,0,0,0,2018,6,2,25,24,6,1,Poultry,86
3,DXB,6/24/2018 14:15,LHR,C,Lunch,27,3,15,32,4,2,27,58,,3,8,3,30,2,3,12,,,1,,,,16,2,,0,0,0,0,2018,6,2,25,24,6,1,Red Meat,86
3,DXB,6/24/2018 14:15,LHR,C,Lunch,27,3,15,32,4,2,27,58,,3,8,3,30,2,3,12,,,1,,,,16,2,,0,0,0,0,2018,6,2,25,24,6,1,Seafood,86
3,DXB,6/25/2018 14:15,LHR,C,Lunch,27,4,16,28,3,6,25,56,2,8,10,,20,,19,7,,,,,,,10,,,0,0,0,0,2018,6,2,26,25,0,1,Poultry,87
3,DXB,6/25/2018 14:15,LHR,C,Lunch,27,4,16,28,3,6,25,56,2,8,10,,20,,19,7,,,,,,,10,,,0,0,0,0,2018,6,2,26,25,0,1,Red Meat,87
3,DXB,6/25/2018 14:15,LHR,C,Lunch,27,4,16,28,3,6,25,56,2,8,10,,20,,19,7,,,,,,,10,,,0,0,0,0,2018,6,2,26,25,0,1,Seafood,87
3,DXB,6/27/2018 14:15,LHR,C,Lunch,12,7,8,22,4,8,16,47,,3,18,,18,,1,2,,,,,,,6,,,0,0,0,0,2018,6,2,26,27,2,1,Poultry,71
3,DXB,6/27/2018 14:15,LHR,C,Lunch,12,7,8,22,4,8,16,47,,3,18,,18,,1,2,,,,,,,6,,,0,0,0,0,2018,6,2,26,27,2,1,Red Meat,71
3,DXB,6/27/2018 14:15,LHR,C,Lunch,12,7,8,22,4,8,16,47,,3,18,,18,,1,2,,,,,,,6,,,0,0,0,0,2018,6,2,26,27,2,1,Seafood,71
3,DXB,6/28/2018 14:15,LHR,C,Lunch,9,4,10,28,2,8,29,37,,,6,1,13,1,14,2,,,,,,,10,,,0,0,0,0,2018,6,2,26,28,3,1,Poultry,74
3,DXB,6/28/2018 14:15,LHR,C,Lunch,9,4,10,28,2,8,29,37,,,6,1,13,1,14,2,,,,,,,10,,,0,0,0,0,2018,6,2,26,28,3,1,Red Meat,74
3,DXB,6/28/2018 14:15,LHR,C,Lunch,9,4,10,28,2,8,29,37,,,6,1,13,1,14,2,,,,,,,10,,,0,0,0,0,2018,6,2,26,28,3,1,Seafood,74
4,LHR,6/21/2018 20:40,DXB,C,Dinner,23,3,13,42,2,2,29,56,9,2,12,2,30,,6,13,,,,,,,9,,,0,0,0,0,2018,6,2,25,21,3,1,Poultry,86
4,LHR,6/21/2018 20:40,DXB,C,Dinner,23,3,13,42,2,2,29,56,9,2,12,2,30,,6,13,,,,,,,9,,,0,0,0,0,2018,6,2,25,21,3,1,Red Meat,86
4,LHR,6/21/2018 20:40,DXB,C,Dinner,23,3,13,42,2,2,29,56,9,2,12,2,30,,6,13,,,,,,,9,,,0,0,0,0,2018,6,2,25,21,3,1,Seafood,86
4,LHR,6/22/2018 20:40,DXB,C,Dinner,18,3,17,53,5,4,33,65,4,3,18,,31,,7,9,6,1,2,,,,11,,,0,0,0,0,2018,6,2,25,22,4,1,Poultry,102
4,LHR,6/22/2018 20:40,DXB,C,Dinner,18,3,17,53,5,4,33,65,4,3,18,,31,,7,9,6,1,2,,,,11,,,0,0,0,0,2018,6,2,25,22,4,1,Red Meat,102
4,LHR,6/22/2018 20:40,DXB,C,Dinner,18,3,17,53,5,4,33,65,4,3,18,,31,,7,9,6,1,2,,,,11,,,0,0,0,0,2018,6,2,25,22,4,1,Seafood,102
4,LHR,6/23/2018 20:40,DXB,C,Dinner,24,3,12,37,2,3,31,44,14,,16,,25,,2,6,,1,,,,1,13,,,0,0,0,0,2018,6,2,25,23,5,1,Poultry,78
4,LHR,6/23/2018 20:40,DXB,C,Dinner,24,3,12,37,2,3,31,44,14,,16,,25,,2,6,,1,,,,1,13,,,0,0,0,0,2018,6,2,25,23,5,1,Red Meat,78
4,LHR,6/23/2018 20:40,DXB,C,Dinner,24,3,12,37,2,3,31,44,14,,16,,25,,2,6,,1,,,,1,13,,,0,0,0,0,2018,6,2,25,23,5,1,Seafood,78
4,LHR,6/24/2018 20:40,DXB,C,Dinner,22,1,14,38,2,1,23,53,13,2,12,1,35,,2,2,3,,1,2,,1,3,,,0,0,0,0,2018,6,2,25,24,6,1,Poultry,77
4,LHR,6/24/2018 20:40,DXB,C,Dinner,22,1,14,38,2,1,23,53,13,2,12,1,35,,2,2,3,,1,2,,1,3,,,0,0,0,0,2018,6,2,25,24,6,1,Red Meat,77
4,LHR,6/24/2018 20:40,DXB,C,Dinner,22,1,14,38,2,1,23,53,13,2,12,1,35,,2,2,3,,1,2,,1,3,,,0,0,0,0,2018,6,2,25,24,6,1,Seafood,77
4,LHR,6/25/2018 20:40,DXB,C,Dinner,25,1,24,23,1,1,27,46,4,2,7,,35,2,6,8,,,,2,,,7,1,,0,0,0,0,2018,6,2,26,25,0,1,Poultry,74
4,LHR,6/25/2018 20:40,DXB,C,Dinner,25,1,24,23,1,1,27,46,4,2,7,,35,2,6,8,,,,2,,,7,1,,0,0,0,0,2018,6,2,26,25,0,1,Red Meat,74
4,LHR,6/25/2018 20:40,DXB,C,Dinner,25,1,24,23,1,1,27,46,4,2,7,,35,2,6,8,,,,2,,,7,1,,0,0,0,0,2018,6,2,26,25,0,1,Seafood,74
4,LHR,6/26/2018 20:40,DXB,C,Dinner,23,6,13,22,3,6,27,36,6,6,10,,13,,3,21,,,,1,,1,4,1,,0,0,0,0,2018,6,2,26,26,1,1,Poultry,69
4,LHR,6/26/2018 20:40,DXB,C,Dinner,23,6,13,22,3,6,27,36,6,6,10,,13,,3,21,,,,1,,1,4,1,,0,0,0,0,2018,6,2,26,26,1,1,Red Meat,69
4,LHR,6/26/2018 20:40,DXB,C,Dinner,23,6,13,22,3,6,27,36,6,6,10,,13,,3,21,,,,1,,1,4,1,,0,0,0,0,2018,6,2,26,26,1,1,Seafood,69
4,LHR,6/27/2018 20:40,DXB,C,Dinner,20,1,16,21,2,,27,44,4,6,6,,20,1,8,8,4,,1,,,,,,,0,0,0,0,2018,6,2,26,27,2,1,Poultry,70
4,LHR,6/27/2018 20:40,DXB,C,Dinner,20,1,16,21,2,,27,44,4,6,6,,20,1,8,8,4,,1,,,,,,,0,0,0,0,2018,6,2,26,27,2,1,Red Meat,70
4,LHR,6/27/2018 20:40,DXB,C,Dinner,20,1,16,21,2,,27,44,4,6,6,,20,1,8,8,4,,1,,,,,,,0,0,0,0,2018,6,2,26,27,2,1,Seafood,70
4,LHR,6/28/2018 20:40,DXB,C,Dinner,9,3,11,32,1,3,20,38,6,1,,,23,,1,10,,,1,,1,1,7,2,,0,0,0,0,2018,6,2,26,28,3,1,Poultry,61
4,LHR,6/28/2018 20:40,DXB,C,Dinner,9,3,11,32,1,3,20,38,6,1,,,23,,1,10,,,1,,1,1,7,2,,0,0,0,0,2018,6,2,26,28,3,1,Red Meat,61
4,LHR,6/28/2018 20:40,DXB,C,Dinner,9,3,11,32,1,3,20,38,6,1,,,23,,1,10,,,1,,1,1,7,2,,0,0,0,0,2018,6,2,26,28,3,1,Seafood,61
5,DXB,6/21/2018 15:45,LHR,C,Lunch,22,,11,43,8,,35,51,2,1,2,2,47,1,1,5,,,3,1,,,19,,,0,0,0,0,2018,6,2,25,21,3,1,Poultry,86
5,DXB,6/21/2018 15:45,LHR,C,Lunch,22,,11,43,8,,35,51,2,1,2,2,47,1,1,5,,,3,1,,,19,,,0,0,0,0,2018,6,2,25,21,3,1,Red Meat,86
5,DXB,6/21/2018 15:45,LHR,C,Lunch,22,,11,43,8,,35,51,2,1,2,2,47,1,1,5,,,3,1,,,19,,,0,0,0,0,2018,6,2,25,21,3,1,Seafood,86
5,DXB,6/22/2018 15:45,LHR,C,Lunch,20,8,8,35,4,7,27,43,1,1,9,1,40,,,5,,,,,,,18,,,0,0,0,0,2018,6,2,25,22,4,1,Poultry,75
5,DXB,6/22/2018 15:45,LHR,C,Lunch,20,8,8,35,4,7,27,43,1,1,9,1,40,,,5,,,,,,,18,,,0,0,0,0,2018,6,2,25,22,4,1,Red Meat,75
5,DXB,6/22/2018 15:45,LHR,C,Lunch,20,8,8,35,4,7,27,43,1,1,9,1,40,,,5,,,,,,,18,,,0,0,0,0,2018,6,2,25,22,4,1,Seafood,75
5,DXB,6/23/2018 15:45,LHR,C,Lunch,22,5,10,35,5,5,30,43,,6,9,1,17,,7,6,,,,,,,31,,,0,0,0,0,2018,6,2,25,23,5,1,Poultry,78
5,DXB,6/23/2018 15:45,LHR,C,Lunch,22,5,10,35,5,5,30,43,,6,9,1,17,,7,6,,,,,,,31,,,0,0,0,0,2018,6,2,25,23,5,1,Red Meat,78
5,DXB,6/23/2018 15:45,LHR,C,Lunch,22,5,10,35,5,5,30,43,,6,9,1,17,,7,6,,,,,,,31,,,0,0,0,0,2018,6,2,25,23,5,1,Seafood,78
5,DXB,6/24/2018 15:45,LHR,C,Lunch,19,3,12,42,5,3,28,54,3,13,15,,27,,3,13,,,2,,,,5,,,0,0,0,0,2018,6,2,25,24,6,1,Poultry,85
5,DXB,6/24/2018 15:45,LHR,C,Lunch,19,3,12,42,5,3,28,54,3,13,15,,27,,3,13,,,2,,,,5,,,0,0,0,0,2018,6,2,25,24,6,1,Red Meat,85
5,DXB,6/24/2018 15:45,LHR,C,Lunch,19,3,12,42,5,3,28,54,3,13,15,,27,,3,13,,,2,,,,5,,,0,0,0,0,2018,6,2,25,24,6,1,Seafood,85
5,DXB,6/25/2018 15:45,LHR,C,Lunch,19,3,20,34,4,3,36,50,1,6,9,,29,1,9,4,,,,,,,21,,,0,0,0,0,2018,6,2,26,25,0,1,Poultry,89
5,DXB,6/25/2018 15:45,LHR,C,Lunch,19,3,20,34,4,3,36,50,1,6,9,,29,1,9,4,,,,,,,21,,,0,0,0,0,2018,6,2,26,25,0,1,Red Meat,89
5,DXB,6/25/2018 15:45,LHR,C,Lunch,19,3,20,34,4,3,36,50,1,6,9,,29,1,9,4,,,,,,,21,,,0,0,0,0,2018,6,2,26,25,0,1,Seafood,89
5,DXB,6/26/2018 15:45,LHR,C,Lunch,6,5,9,34,3,9,22,40,1,4,7,,22,,7,2,,2,1,1,,,6,,,0,0,0,0,2018,6,2,26,26,1,1,Poultry,71
5,DXB,6/26/2018 15:45,LHR,C,Lunch,6,5,9,34,3,9,22,40,1,4,7,,22,,7,2,,2,1,1,,,6,,,0,0,0,0,2018,6,2,26,26,1,1,Red Meat,71
5,DXB,6/26/2018 15:45,LHR,C,Lunch,6,5,9,34,3,9,22,40,1,4,7,,22,,7,2,,2,1,1,,,6,,,0,0,0,0,2018,6,2,26,26,1,1,Seafood,71
5,DXB,6/27/2018 15:45,LHR,C,Lunch,14,2,9,29,2,2,31,39,3,2,11,,26,,1,1,,1,1,,1,2,3,,,0,0,0,0,2018,6,2,26,27,2,1,Poultry,71
5,DXB,6/27/2018 15:45,LHR,C,Lunch,14,2,9,29,2,2,31,39,3,2,11,,26,,1,1,,1,1,,1,2,3,,,0,0,0,0,2018,6,2,26,27,2,1,Red Meat,71
5,DXB,6/27/2018 15:45,LHR,C,Lunch,14,2,9,29,2,2,31,39,3,2,11,,26,,1,1,,1,1,,1,2,3,,,0,0,0,0,2018,6,2,26,27,2,1,Seafood,71
5,DXB,6/28/2018 15:45,LHR,C,Lunch,11,4,16,25,4,5,32,41,1,1,2,4,32,,4,,,2,,,,1,10,,,0,0,0,0,2018,6,2,26,28,3,1,Poultry,78
5,DXB,6/28/2018 15:45,LHR,C,Lunch,11,4,16,25,4,5,32,41,1,1,2,4,32,,4,,,2,,,,1,10,,,0,0,0,0,2018,6,2,26,28,3,1,Red Meat,78
5,DXB,6/28/2018 15:45,LHR,C,Lunch,11,4,16,25,4,5,32,41,1,1,2,4,32,,4,,,2,,,,1,10,,,0,0,0,0,2018,6,2,26,28,3,1,Seafood,78
6,LHR,6/21/2018 22:15,DXB,C,Dinner,14,2,20,47,3,2,34,51,8,,16,1,29,,1,5,1,,,1,2,,22,,,0,0,0,0,2018,6,2,25,21,3,1,Poultry,86
6,LHR,6/21/2018 22:15,DXB,C,Dinner,14,2,20,47,3,2,34,51,8,,16,1,29,,1,5,1,,,1,2,,22,,,0,0,0,0,2018,6,2,25,21,3,1,Red Meat,86
6,LHR,6/21/2018 22:15,DXB,C,Dinner,14,2,20,47,3,2,34,51,8,,16,1,29,,1,5,1,,,1,2,,22,,,0,0,0,0,2018,6,2,25,21,3,1,Seafood,86
6,LHR,6/22/2018 22:15,DXB,C,Dinner,33,1,13,44,3,1,32,65,7,7,9,1,25,,9,7,,,1,,1,1,24,,,0,0,0,0,2018,6,2,25,22,4,1,Poultry,98
6,LHR,6/22/2018 22:15,DXB,C,Dinner,33,1,13,44,3,1,32,65,7,7,9,1,25,,9,7,,,1,,1,1,24,,,0,0,0,0,2018,6,2,25,22,4,1,Red Meat,98
6,LHR,6/22/2018 22:15,DXB,C,Dinner,33,1,13,44,3,1,32,65,7,7,9,1,25,,9,7,,,1,,1,1,24,,,0,0,0,0,2018,6,2,25,22,4,1,Seafood,98
6,LHR,6/23/2018 22:15,DXB,C,Dinner,30,3,14,36,3,3,27,60,2,5,3,,33,,4,4,4,1,1,1,,1,18,8,,0,0,0,0,2018,6,2,25,23,5,1,Poultry,90
6,LHR,6/23/2018 22:15,DXB,C,Dinner,30,3,14,36,3,3,27,60,2,5,3,,33,,4,4,4,1,1,1,,1,18,8,,0,0,0,0,2018,6,2,25,23,5,1,Red Meat,90
6,LHR,6/23/2018 22:15,DXB,C,Dinner,30,3,14,36,3,3,27,60,2,5,3,,33,,4,4,4,1,1,1,,1,18,8,,0,0,0,0,2018,6,2,25,23,5,1,Seafood,90
6,LHR,6/24/2018 22:15,DXB,C,Dinner,24,3,17,34,,3,22,54,5,,8,,32,1,,4,4,,,,,1,23,,,0,0,0,0,2018,6,2,25,24,6,1,Poultry,79
6,LHR,6/24/2018 22:15,DXB,C,Dinner,24,3,17,34,,3,22,54,5,,8,,32,1,,4,4,,,,,1,23,,,0,0,0,0,2018,6,2,25,24,6,1,Red Meat,79
6,LHR,6/24/2018 22:15,DXB,C,Dinner,24,3,17,34,,3,22,54,5,,8,,32,1,,4,4,,,,,1,23,,,0,0,0,0,2018,6,2,25,24,6,1,Seafood,79
6,LHR,6/25/2018 22:15,DXB,C,Dinner,18,1,28,38,3,1,33,55,7,7,10,1,30,,3,4,5,1,,,,1,18,1,,0,0,0,0,2018,6,2,26,25,0,1,Poultry,89
6,LHR,6/25/2018 22:15,DXB,C,Dinner,18,1,28,38,3,1,33,55,7,7,10,1,30,,3,4,5,1,,,,1,18,1,,0,0,0,0,2018,6,2,26,25,0,1,Red Meat,89
6,LHR,6/25/2018 22:15,DXB,C,Dinner,18,1,28,38,3,1,33,55,7,7,10,1,30,,3,4,5,1,,,,1,18,1,,0,0,0,0,2018,6,2,26,25,0,1,Seafood,89
6,LHR,6/26/2018 22:15,DXB,C,Dinner,16,3,21,27,,3,28,39,1,1,11,3,17,,,2,1,,,,,,26,3,,0,0,0,0,2018,6,2,26,26,1,1,Poultry,70
6,LHR,6/26/2018 22:15,DXB,C,Dinner,16,3,21,27,,3,28,39,1,1,11,3,17,,,2,1,,,,,,26,3,,0,0,0,0,2018,6,2,26,26,1,1,Red Meat,70
6,LHR,6/26/2018 22:15,DXB,C,Dinner,16,3,21,27,,3,28,39,1,1,11,3,17,,,2,1,,,,,,26,3,,0,0,0,0,2018,6,2,26,26,1,1,Seafood,70
6,LHR,6/27/2018 22:15,DXB,C,Dinner,21,2,13,26,1,2,27,39,6,6,5,,13,1,2,10,,,,1,,,13,5,,0,0,0,0,2018,6,2,26,27,2,1,Poultry,68
6,LHR,6/27/2018 22:15,DXB,C,Dinner,21,2,13,26,1,2,27,39,6,6,5,,13,1,2,10,,,,1,,,13,5,,0,0,0,0,2018,6,2,26,27,2,1,Red Meat,68
6,LHR,6/27/2018 22:15,DXB,C,Dinner,21,2,13,26,1,2,27,39,6,6,5,,13,1,2,10,,,,1,,,13,5,,0,0,0,0,2018,6,2,26,27,2,1,Seafood,68
6,LHR,6/28/2018 22:15,DXB,C,Dinner,22,4,8,30,1,3,28,36,3,3,11,1,15,,6,3,,,,,,3,19,,,0,0,0,0,2018,6,2,26,28,3,1,Poultry,65
6,LHR,6/28/2018 22:15,DXB,C,Dinner,22,4,8,30,1,3,28,36,3,3,11,1,15,,6,3,,,,,,3,19,,,0,0,0,0,2018,6,2,26,28,3,1,Red Meat,65
6,LHR,6/28/2018 22:15,DXB,C,Dinner,22,4,8,30,1,3,28,36,3,3,11,1,15,,6,3,,,,,,3,19,,,0,0,0,0,2018,6,2,26,28,3,1,Seafood,65
8,LHR,6/21/2018 9:05,DXB,C,Lunch,21,3,11,41,2,3,28,49,3,5,8,,29,,3,15,,,,,,,15,,,0,0,0,0,2018,6,2,25,21,3,1,Poultry,80
8,LHR,6/21/2018 9:05,DXB,C,Lunch,21,3,11,41,2,3,28,49,3,5,8,,29,,3,15,,,,,,,15,,,0,0,0,0,2018,6,2,25,21,3,1,Red Meat,80
8,LHR,6/21/2018 9:05,DXB,C,Lunch,21,3,11,41,2,3,28,49,3,5,8,,29,,3,15,,,,,,,15,,,0,0,0,0,2018,6,2,25,21,3,1,Seafood,80
8,LHR,6/22/2018 9:05,DXB,C,Lunch,24,1,20,38,1,1,27,56,5,5,11,,30,,3,10,,,1,,,,18,,,0,0,0,0,2018,6,2,25,22,4,1,Poultry,84
8,LHR,6/22/2018 9:05,DXB,C,Lunch,24,1,20,38,1,1,27,56,5,5,11,,30,,3,10,,,1,,,,18,,,0,0,0,0,2018,6,2,25,22,4,1,Red Meat,84
8,LHR,6/22/2018 9:05,DXB,C,Lunch,24,1,20,38,1,1,27,56,5,5,11,,30,,3,10,,,1,,,,18,,,0,0,0,0,2018,6,2,25,22,4,1,Seafood,84
8,LHR,6/23/2018 9:05,DXB,C,Lunch,34,3,13,45,1,3,28,70,,8,29,,37,1,7,4,,,,,,,10,,,0,0,0,0,2018,6,2,25,23,5,1,Poultry,101
8,LHR,6/23/2018 9:05,DXB,C,Lunch,34,3,13,45,1,3,28,70,,8,29,,37,1,7,4,,,,,,,10,,,0,0,0,0,2018,6,2,25,23,5,1,Red Meat,101
8,LHR,6/23/2018 9:05,DXB,C,Lunch,34,3,13,45,1,3,28,70,,8,29,,37,1,7,4,,,,,,,10,,,0,0,0,0,2018,6,2,25,23,5,1,Seafood,101
8,LHR,6/24/2018 9:05,DXB,C,Lunch,21,,14,42,,,27,71,3,7,9,,37,,1,5,,,1,,,,11,2,,0,0,0,0,2018,6,2,25,24,6,1,Poultry,98
8,LHR,6/24/2018 9:05,DXB,C,Lunch,21,,14,42,,,27,71,3,7,9,,37,,1,5,,,1,,,,11,2,,0,0,0,0,2018,6,2,25,24,6,1,Red Meat,98
8,LHR,6/24/2018 9:05,DXB,C,Lunch,21,,14,42,,,27,71,3,7,9,,37,,1,5,,,1,,,,11,2,,0,0,0,0,2018,6,2,25,24,6,1,Seafood,98
8,LHR,6/25/2018 9:05,DXB,C,Lunch,21,1,17,45,1,,38,57,,2,5,1,41,2,5,6,3,,2,,,1,16,,,0,0,0,0,2018,6,2,26,25,0,1,Poultry,94
8,LHR,6/25/2018 9:05,DXB,C,Lunch,21,1,17,45,1,,38,57,,2,5,1,41,2,5,6,3,,2,,,1,16,,,0,0,0,0,2018,6,2,26,25,0,1,Red Meat,94
8,LHR,6/25/2018 9:05,DXB,C,Lunch,21,1,17,45,1,,38,57,,2,5,1,41,2,5,6,3,,2,,,1,16,,,0,0,0,0,2018,6,2,26,25,0,1,Seafood,94
8,LHR,6/26/2018 9:05,DXB,C,Lunch,12,4,7,28,3,4,26,35,2,4,6,,12,,4,21,,,,,,,4,,,0,0,0,0,2018,6,2,26,26,1,1,Poultry,65
8,LHR,6/26/2018 9:05,DXB,C,Lunch,12,4,7,28,3,4,26,35,2,4,6,,12,,4,21,,,,,,,4,,,0,0,0,0,2018,6,2,26,26,1,1,Red Meat,65
8,LHR,6/26/2018 9:05,DXB,C,Lunch,12,4,7,28,3,4,26,35,2,4,6,,12,,4,21,,,,,,,4,,,0,0,0,0,2018,6,2,26,26,1,1,Seafood,65
8,LHR,6/27/2018 9:05,DXB,C,Lunch,12,1,16,14,2,1,25,29,1,,3,,9,,,16,,,,1,,1,9,,,0,0,0,0,2018,6,2,26,27,2,1,Poultry,55
8,LHR,6/27/2018 9:05,DXB,C,Lunch,12,1,16,14,2,1,25,29,1,,3,,9,,,16,,,,1,,1,9,,,0,0,0,0,2018,6,2,26,27,2,1,Red Meat,55
8,LHR,6/27/2018 9:05,DXB,C,Lunch,12,1,16,14,2,1,25,29,1,,3,,9,,,16,,,,1,,1,9,,,0,0,0,0,2018,6,2,26,27,2,1,Seafood,55
8,LHR,6/28/2018 9:05,DXB,C,Lunch,15,3,18,24,1,1,32,32,,1,9,,21,1,3,3,,,,,,,19,,,0,0,0,0,2018,6,2,26,28,3,1,Poultry,63
8,LHR,6/28/2018 9:05,DXB,C,Lunch,15,3,18,24,1,1,32,32,,1,9,,21,1,3,3,,,,,,,19,,,0,0,0,0,2018,6,2,26,28,3,1,Red Meat,63
8,LHR,6/28/2018 9:05,DXB,C,Lunch,15,3,18,24,1,1,32,32,,1,9,,21,1,3,3,,,,,,,19,,,0,0,0,0,2018,6,2,26,28,3,1,Seafood,63
29,DXB,6/21/2018 9:40,LHR,C,Lunch,31,3,25,22,5,2,41,48,8,3,11,,26,1,9,5,,,,,,,22,,,0,0,0,0,2018,6,2,25,21,3,1,Poultry,90
29,DXB,6/21/2018 9:40,LHR,C,Lunch,31,3,25,22,5,2,41,48,8,3,11,,26,1,9,5,,,,,,,22,,,0,0,0,0,2018,6,2,25,21,3,1,Red Meat,90
29,DXB,6/21/2018 9:40,LHR,C,Lunch,31,3,25,22,5,2,41,48,8,3,11,,26,1,9,5,,,,,,,22,,,0,0,0,0,2018,6,2,25,21,3,1,Seafood,90
29,DXB,6/22/2018 9:40,LHR,C,Lunch,25,6,11,35,8,6,33,48,6,3,17,1,22,,3,5,,,1,,2,,24,1,,0,0,0,0,2018,6,2,25,22,4,1,Poultry,87
29,DXB,6/22/2018 9:40,LHR,C,Lunch,25,6,11,35,8,6,33,48,6,3,17,1,22,,3,5,,,1,,2,,24,1,,0,0,0,0,2018,6,2,25,22,4,1,Red Meat,87
29,DXB,6/22/2018 9:40,LHR,C,Lunch,25,6,11,35,8,6,33,48,6,3,17,1,22,,3,5,,,1,,2,,24,1,,0,0,0,0,2018,6,2,25,22,4,1,Seafood,87
29,DXB,6/23/2018 9:40,LHR,C,Lunch,20,2,14,28,7,2,23,47,7,4,3,,17,,5,15,1,,1,,,,18,,,0,0,0,0,2018,6,2,25,23,5,1,Poultry,72
29,DXB,6/23/2018 9:40,LHR,C,Lunch,20,2,14,28,7,2,23,47,7,4,3,,17,,5,15,1,,1,,,,18,,,0,0,0,0,2018,6,2,25,23,5,1,Red Meat,72
29,DXB,6/23/2018 9:40,LHR,C,Lunch,20,2,14,28,7,2,23,47,7,4,3,,17,,5,15,1,,1,,,,18,,,0,0,0,0,2018,6,2,25,23,5,1,Seafood,72
29,DXB,6/24/2018 9:40,LHR,C,Lunch,26,7,10,37,5,8,33,50,22,2,16,,19,,4,6,,,,,,1,10,,,0,0,0,0,2018,6,2,25,24,6,1,Poultry,90
29,DXB,6/24/2018 9:40,LHR,C,Lunch,26,7,10,37,5,8,33,50,22,2,16,,19,,4,6,,,,,,1,10,,,0,0,0,0,2018,6,2,25,24,6,1,Red Meat,90
29,DXB,6/24/2018 9:40,LHR,C,Lunch,26,7,10,37,5,8,33,50,22,2,16,,19,,4,6,,,,,,1,10,,,0,0,0,0,2018,6,2,25,24,6,1,Seafood,90
29,DXB,6/25/2018 9:40,LHR,C,Lunch,20,6,18,45,3,6,35,61,11,4,8,,27,,15,12,,,,2,1,,12,,,0,0,0,0,2018,6,2,26,25,0,1,Poultry,102
29,DXB,6/25/2018 9:40,LHR,C,Lunch,20,6,18,45,3,6,35,61,11,4,8,,27,,15,12,,,,2,1,,12,,,0,0,0,0,2018,6,2,26,25,0,1,Red Meat,102
29,DXB,6/25/2018 9:40,LHR,C,Lunch,20,6,18,45,3,6,35,61,11,4,8,,27,,15,12,,,,2,1,,12,,,0,0,0,0,2018,6,2,26,25,0,1,Seafood,102
29,DXB,6/26/2018 9:40,LHR,C,Lunch,12,4,14,24,3,4,32,31,6,5,4,,23,1,2,5,,,,,,,2,,,0,0,0,0,2018,6,2,26,26,1,1,Poultry,67
29,DXB,6/26/2018 9:40,LHR,C,Lunch,12,4,14,24,3,4,32,31,6,5,4,,23,1,2,5,,,,,,,2,,,0,0,0,0,2018,6,2,26,26,1,1,Red Meat,67
29,DXB,6/26/2018 9:40,LHR,C,Lunch,12,4,14,24,3,4,32,31,6,5,4,,23,1,2,5,,,,,,,2,,,0,0,0,0,2018,6,2,26,26,1,1,Seafood,67
29,DXB,6/27/2018 9:40,LHR,C,Lunch,17,5,7,30,4,5,32,33,1,5,12,2,15,,3,17,,,,,,,2,,,0,0,0,0,2018,6,2,26,27,2,1,Poultry,69
29,DXB,6/27/2018 9:40,LHR,C,Lunch,17,5,7,30,4,5,32,33,1,5,12,2,15,,3,17,,,,,,,2,,,0,0,0,0,2018,6,2,26,27,2,1,Red Meat,69
29,DXB,6/27/2018 9:40,LHR,C,Lunch,17,5,7,30,4,5,32,33,1,5,12,2,15,,3,17,,,,,,,2,,,0,0,0,0,2018,6,2,26,27,2,1,Seafood,69
29,DXB,6/28/2018 9:40,LHR,C,Lunch,17,6,14,25,5,6,37,31,9,1,4,,19,,12,2,,,,,,,18,,,0,0,0,0,2018,6,2,26,28,3,1,Poultry,74
29,DXB,6/28/2018 9:40,LHR,C,Lunch,17,6,14,25,5,6,37,31,9,1,4,,19,,12,2,,,,,,,18,,,0,0,0,0,2018,6,2,26,28,3,1,Red Meat,74
29,DXB,6/28/2018 9:40,LHR,C,Lunch,17,6,14,25,5,6,37,31,9,1,4,,19,,12,2,,,,,,,18,,,0,0,0,0,2018,6,2,26,28,3,1,Seafood,74
30,LHR,6/21/2018 16:55,DXB,C,Lunch,11,,6,24,4,1,19,31,13,2,6,1,4,,10,3,3,,2,,,,1,,,0,0,0,0,2018,6,2,25,21,3,1,Poultry,51
30,LHR,6/21/2018 16:55,DXB,C,Lunch,11,,6,24,4,1,19,31,13,2,6,1,4,,10,3,3,,2,,,,1,,,0,0,0,0,2018,6,2,25,21,3,1,Red Meat,51
30,LHR,6/21/2018 16:55,DXB,C,Lunch,11,,6,24,4,1,19,31,13,2,6,1,4,,10,3,3,,2,,,,1,,,0,0,0,0,2018,6,2,25,21,3,1,Seafood,51
30,LHR,6/22/2018 16:55,DXB,C,Lunch,24,9,5,38,6,7,25,51,4,3,8,,18,,22,11,10,,1,,1,,4,,,0,0,0,0,2018,6,2,25,22,4,1,Poultry,81
30,LHR,6/22/2018 16:55,DXB,C,Lunch,24,9,5,38,6,7,25,51,4,3,8,,18,,22,11,10,,1,,1,,4,,,0,0,0,0,2018,6,2,25,22,4,1,Red Meat,81
30,LHR,6/22/2018 16:55,DXB,C,Lunch,24,9,5,38,6,7,25,51,4,3,8,,18,,22,11,10,,1,,1,,4,,,0,0,0,0,2018,6,2,25,22,4,1,Seafood,81
30,LHR,6/23/2018 16:55,DXB,C,Lunch,49,1,7,40,5,,37,69,3,4,4,1,48,,25,10,,,,,,2,4,,,0,0,0,0,2018,6,2,25,23,5,1,Poultry,105
30,LHR,6/23/2018 16:55,DXB,C,Lunch,49,1,7,40,5,,37,69,3,4,4,1,48,,25,10,,,,,,2,4,,,0,0,0,0,2018,6,2,25,23,5,1,Red Meat,105
30,LHR,6/23/2018 16:55,DXB,C,Lunch,49,1,7,40,5,,37,69,3,4,4,1,48,,25,10,,,,,,2,4,,,0,0,0,0,2018,6,2,25,23,5,1,Seafood,105
30,LHR,6/24/2018 16:55,DXB,C,Lunch,31,3,15,40,,2,35,54,9,1,7,,34,2,15,15,2,,,2,,1,,,,0,0,0,0,2018,6,2,25,24,6,1,Poultry,90
30,LHR,6/24/2018 16:55,DXB,C,Lunch,31,3,15,40,,2,35,54,9,1,7,,34,2,15,15,2,,,2,,1,,,,0,0,0,0,2018,6,2,25,24,6,1,Red Meat,90
30,LHR,6/24/2018 16:55,DXB,C,Lunch,31,3,15,40,,2,35,54,9,1,7,,34,2,15,15,2,,,2,,1,,,,0,0,0,0,2018,6,2,25,24,6,1,Seafood,90
30,LHR,6/25/2018 16:55,DXB,C,Lunch,41,3,12,24,7,2,34,55,10,6,6,,23,2,14,14,4,2,1,,2,3,,,,0,0,0,0,2018,6,2,26,25,0,1,Poultry,90
30,LHR,6/25/2018 16:55,DXB,C,Lunch,41,3,12,24,7,2,34,55,10,6,6,,23,2,14,14,4,2,1,,2,3,,,,0,0,0,0,2018,6,2,26,25,0,1,Red Meat,90
30,LHR,6/25/2018 16:55,DXB,C,Lunch,41,3,12,24,7,2,34,55,10,6,6,,23,2,14,14,4,2,1,,2,3,,,,0,0,0,0,2018,6,2,26,25,0,1,Seafood,90
30,LHR,6/26/2018 16:55,DXB,C,Lunch,14,4,2,10,,4,11,17,4,1,1,,8,,10,5,,,,,,,,,,0,0,0,0,2018,6,2,26,26,1,1,Poultry,32
30,LHR,6/26/2018 16:55,DXB,C,Lunch,14,4,2,10,,4,11,17,4,1,1,,8,,10,5,,,,,,,,,,0,0,0,0,2018,6,2,26,26,1,1,Red Meat,32
30,LHR,6/26/2018 16:55,DXB,C,Lunch,14,4,2,10,,4,11,17,4,1,1,,8,,10,5,,,,,,,,,,0,0,0,0,2018,6,2,26,26,1,1,Seafood,32
30,LHR,6/27/2018 16:55,DXB,C,Lunch,19,1,6,14,5,,21,26,2,,8,,12,2,11,8,,,,,,,1,,,0,0,0,0,2018,6,2,26,27,2,1,Poultry,46
30,LHR,6/27/2018 16:55,DXB,C,Lunch,19,1,6,14,5,,21,26,2,,8,,12,2,11,8,,,,,,,1,,,0,0,0,0,2018,6,2,26,27,2,1,Red Meat,46
30,LHR,6/27/2018 16:55,DXB,C,Lunch,19,1,6,14,5,,21,26,2,,8,,12,2,11,8,,,,,,,1,,,0,0,0,0,2018,6,2,26,27,2,1,Seafood,46
30,LHR,6/28/2018 16:55,DXB,C,Lunch,17,5,3,26,2,3,27,26,5,1,2,,16,,12,12,4,,,,,,1,,,0,0,0,0,2018,6,2,26,28,3,1,Poultry,54
30,LHR,6/28/2018 16:55,DXB,C,Lunch,17,5,3,26,2,3,27,26,5,1,2,,16,,12,12,4,,,,,,1,,,0,0,0,0,2018,6,2,26,28,3,1,Red Meat,54
30,LHR,6/28/2018 16:55,DXB,C,Lunch,17,5,3,26,2,3,27,26,5,1,2,,16,,12,12,4,,,,,,1,,,0,0,0,0,2018,6,2,26,28,3,1,Seafood,54
31,DXB,6/21/2018 11:25,LHR,C,Lunch,23,2,15,33,3,2,36,51,4,4,1,,34,,12,9,,,,,,,11,1,,0,0,0,0,2018,6,2,25,21,3,1,Poultry,89
31,DXB,6/21/2018 11:25,LHR,C,Lunch,23,2,15,33,3,2,36,51,4,4,1,,34,,12,9,,,,,,,11,1,,0,0,0,0,2018,6,2,25,21,3,1,Red Meat,89
31,DXB,6/21/2018 11:25,LHR,C,Lunch,23,2,15,33,3,2,36,51,4,4,1,,34,,12,9,,,,,,,11,1,,0,0,0,0,2018,6,2,25,21,3,1,Seafood,89
31,DXB,6/22/2018 11:25,LHR,C,Lunch,24,13,12,32,5,15,37,43,3,8,1,,33,,14,4,,,2,,,,13,2,,0,0,0,0,2018,6,2,25,22,4,1,Poultry,95
31,DXB,6/22/2018 11:25,LHR,C,Lunch,24,13,12,32,5,15,37,43,3,8,1,,33,,14,4,,,2,,,,13,2,,0,0,0,0,2018,6,2,25,22,4,1,Red Meat,95
31,DXB,6/22/2018 11:25,LHR,C,Lunch,24,13,12,32,5,15,37,43,3,8,1,,33,,14,4,,,2,,,,13,2,,0,0,0,0,2018,6,2,25,22,4,1,Seafood,95
31,DXB,6/23/2018 11:25,LHR,C,Lunch,32,7,9,23,4,6,36,37,,6,11,,26,,16,8,,3,,,,,5,,,0,0,0,0,2018,6,2,25,23,5,1,Poultry,78
31,DXB,6/23/2018 11:25,LHR,C,Lunch,32,7,9,23,4,6,36,37,,6,11,,26,,16,8,,3,,,,,5,,,0,0,0,0,2018,6,2,25,23,5,1,Red Meat,78
31,DXB,6/23/2018 11:25,LHR,C,Lunch,32,7,9,23,4,6,36,37,,6,11,,26,,16,8,,3,,,,,5,,,0,0,0,0,2018,6,2,25,23,5,1,Seafood,78
31,DXB,6/24/2018 11:25,LHR,C,Lunch,35,6,7,40,6,5,36,61,1,2,8,,47,3,18,1,,,2,,,1,9,,,0,0,0,0,2018,6,2,25,24,6,1,Poultry,101
31,DXB,6/24/2018 11:25,LHR,C,Lunch,35,6,7,40,6,5,36,61,1,2,8,,47,3,18,1,,,2,,,1,9,,,0,0,0,0,2018,6,2,25,24,6,1,Red Meat,101
31,DXB,6/24/2018 11:25,LHR,C,Lunch,35,6,7,40,6,5,36,61,1,2,8,,47,3,18,1,,,2,,,1,9,,,0,0,0,0,2018,6,2,25,24,6,1,Seafood,101
31,DXB,6/25/2018 11:25,LHR,C,Lunch,24,8,8,34,7,7,32,48,3,7,8,,28,,21,4,,,,,,3,6,,,0,0,0,0,2018,6,2,26,25,0,1,Poultry,87
31,DXB,6/25/2018 11:25,LHR,C,Lunch,24,8,8,34,7,7,32,48,3,7,8,,28,,21,4,,,,,,3,6,,,0,0,0,0,2018,6,2,26,25,0,1,Red Meat,87
31,DXB,6/25/2018 11:25,LHR,C,Lunch,24,8,8,34,7,7,32,48,3,7,8,,28,,21,4,,,,,,3,6,,,0,0,0,0,2018,6,2,26,25,0,1,Seafood,87
31,DXB,6/26/2018 11:25,LHR,C,Lunch,12,4,12,20,7,4,25,37,1,2,3,3,17,,9,3,,,,1,,,7,,,0,0,0,0,2018,6,2,26,26,1,1,Poultry,65
31,DXB,6/26/2018 11:25,LHR,C,Lunch,12,4,12,20,7,4,25,37,1,2,3,3,17,,9,3,,,,1,,,7,,,0,0,0,0,2018,6,2,26,26,1,1,Red Meat,65
31,DXB,6/26/2018 11:25,LHR,C,Lunch,12,4,12,20,7,4,25,37,1,2,3,3,17,,9,3,,,,1,,,7,,,0,0,0,0,2018,6,2,26,26,1,1,Seafood,65
31,DXB,6/27/2018 11:25,LHR,C,Lunch,11,8,6,21,9,12,30,26,,3,9,1,16,,15,5,,,,1,,,,,,0,0,0,0,2018,6,2,26,27,2,1,Poultry,68
31,DXB,6/27/2018 11:25,LHR,C,Lunch,11,8,6,21,9,12,30,26,,3,9,1,16,,15,5,,,,1,,,,,,0,0,0,0,2018,6,2,26,27,2,1,Red Meat,68
31,DXB,6/27/2018 11:25,LHR,C,Lunch,11,8,6,21,9,12,30,26,,3,9,1,16,,15,5,,,,1,,,,,,0,0,0,0,2018,6,2,26,27,2,1,Seafood,68
31,DXB,6/28/2018 11:25,LHR,C,Lunch,13,2,10,26,2,6,29,35,,6,4,,21,,6,3,,,,,,,7,,,0,0,0,0,2018,6,2,26,28,3,1,Poultry,70
31,DXB,6/28/2018 11:25,LHR,C,Lunch,13,2,10,26,2,6,29,35,,6,4,,21,,6,3,,,,,,,7,,,0,0,0,0,2018,6,2,26,28,3,1,Red Meat,70
31,DXB,6/28/2018 11:25,LHR,C,Lunch,13,2,10,26,2,6,29,35,,6,4,,21,,6,3,,,,,,,7,,,0,0,0,0,2018,6,2,26,28,3,1,Seafood,70
32,LHR,6/21/2018 19:50,DXB,C,Dinner,12,2,14,35,,2,19,48,3,4,7,,23,1,8,10,,,1,,,1,4,1,,0,0,0,0,2018,6,2,25,21,3,1,Poultry,69
32,LHR,6/21/2018 19:50,DXB,C,Dinner,12,2,14,35,,2,19,48,3,4,7,,23,1,8,10,,,1,,,1,4,1,,0,0,0,0,2018,6,2,25,21,3,1,Red Meat,69
32,LHR,6/21/2018 19:50,DXB,C,Dinner,12,2,14,35,,2,19,48,3,4,7,,23,1,8,10,,,1,,,1,4,1,,0,0,0,0,2018,6,2,25,21,3,1,Seafood,69
32,LHR,6/22/2018 19:50,DXB,C,Dinner,27,1,11,61,,,29,73,2,7,20,1,40,1,9,13,,,,,,1,6,,,0,0,0,0,2018,6,2,25,22,4,1,Poultry,101
32,LHR,6/22/2018 19:50,DXB,C,Dinner,27,1,11,61,,,29,73,2,7,20,1,40,1,9,13,,,,,,1,6,,,0,0,0,0,2018,6,2,25,22,4,1,Red Meat,101
32,LHR,6/22/2018 19:50,DXB,C,Dinner,27,1,11,61,,,29,73,2,7,20,1,40,1,9,13,,,,,,1,6,,,0,0,0,0,2018,6,2,25,22,4,1,Seafood,101
32,LHR,6/23/2018 19:50,DXB,C,Dinner,27,3,10,43,4,2,28,60,7,2,9,3,26,1,16,12,1,,1,3,,,4,1,,0,0,0,0,2018,6,2,25,23,5,1,Poultry,89
32,LHR,6/23/2018 19:50,DXB,C,Dinner,27,3,10,43,4,2,28,60,7,2,9,3,26,1,16,12,1,,1,3,,,4,1,,0,0,0,0,2018,6,2,25,23,5,1,Red Meat,89
32,LHR,6/23/2018 19:50,DXB,C,Dinner,27,3,10,43,4,2,28,60,7,2,9,3,26,1,16,12,1,,1,3,,,4,1,,0,0,0,0,2018,6,2,25,23,5,1,Seafood,89
32,LHR,6/24/2018 19:50,DXB,C,Dinner,35,7,9,39,1,5,28,64,4,3,18,,39,,12,2,,,,1,,1,9,1,,0,0,0,0,2018,6,2,25,24,6,1,Poultry,95
32,LHR,6/24/2018 19:50,DXB,C,Dinner,35,7,9,39,1,5,28,64,4,3,18,,39,,12,2,,,,1,,1,9,1,,0,0,0,0,2018,6,2,25,24,6,1,Red Meat,95
32,LHR,6/24/2018 19:50,DXB,C,Dinner,35,7,9,39,1,5,28,64,4,3,18,,39,,12,2,,,,1,,1,9,1,,0,0,0,0,2018,6,2,25,24,6,1,Seafood,95
32,LHR,6/25/2018 19:50,DXB,C,Dinner,33,7,12,43,,7,30,58,3,5,18,,47,,11,6,,,,1,,,4,,,0,0,0,0,2018,6,2,26,25,0,1,Poultry,95
32,LHR,6/25/2018 19:50,DXB,C,Dinner,33,7,12,43,,7,30,58,3,5,18,,47,,11,6,,,,1,,,4,,,0,0,0,0,2018,6,2,26,25,0,1,Red Meat,95
32,LHR,6/25/2018 19:50,DXB,C,Dinner,33,7,12,43,,7,30,58,3,5,18,,47,,11,6,,,,1,,,4,,,0,0,0,0,2018,6,2,26,25,0,1,Seafood,95
32,LHR,6/26/2018 19:50,DXB,C,Dinner,13,1,12,18,2,1,24,22,5,4,10,,8,,6,3,,,,,,2,3,,,0,0,0,0,2018,6,2,26,26,1,1,Poultry,47
32,LHR,6/26/2018 19:50,DXB,C,Dinner,13,1,12,18,2,1,24,22,5,4,10,,8,,6,3,,,,,,2,3,,,0,0,0,0,2018,6,2,26,26,1,1,Red Meat,47
32,LHR,6/26/2018 19:50,DXB,C,Dinner,13,1,12,18,2,1,24,22,5,4,10,,8,,6,3,,,,,,2,3,,,0,0,0,0,2018,6,2,26,26,1,1,Seafood,47
32,LHR,6/27/2018 19:50,DXB,C,Dinner,14,,5,20,2,1,17,27,4,2,6,1,13,1,9,1,,,,,,1,2,,,0,0,0,0,2018,6,2,26,27,2,1,Poultry,45
32,LHR,6/27/2018 19:50,DXB,C,Dinner,14,,5,20,2,1,17,27,4,2,6,1,13,1,9,1,,,,,,1,2,,,0,0,0,0,2018,6,2,26,27,2,1,Red Meat,45
32,LHR,6/27/2018 19:50,DXB,C,Dinner,14,,5,20,2,1,17,27,4,2,6,1,13,1,9,1,,,,,,1,2,,,0,0,0,0,2018,6,2,26,27,2,1,Seafood,45
32,LHR,6/28/2018 19:50,DXB,C,Dinner,13,1,17,27,2,2,24,40,5,3,9,1,23,,4,7,,,,1,2,2,2,,,0,0,0,0,2018,6,2,26,28,3,1,Poultry,66
32,LHR,6/28/2018 19:50,DXB,C,Dinner,13,1,17,27,2,2,24,40,5,3,9,1,23,,4,7,,,,1,2,2,2,,,0,0,0,0,2018,6,2,26,28,3,1,Red Meat,66
32,LHR,6/28/2018 19:50,DXB,C,Dinner,13,1,17,27,2,2,24,40,5,3,9,1,23,,4,7,,,,1,2,2,2,,,0,0,0,0,2018,6,2,26,28,3,1,Seafood,66
45,DXB,6/21/2018 8:25,FRA,C,Lunch,10,1,8,9,,,9,23,1,,1,,2,18,2,1,1,,,,,,2,,,0,0,0,0,2018,6,2,25,21,3,1,Poultry,31
45,DXB,6/21/2018 8:25,FRA,C,Lunch,10,1,8,9,,,9,23,1,,1,,2,18,2,1,1,,,,,,2,,,0,0,0,0,2018,6,2,25,21,3,1,Red Meat,31
45,DXB,6/21/2018 8:25,FRA,C,Lunch,10,1,8,9,,,9,23,1,,1,,2,18,2,1,1,,,,,,2,,,0,0,0,0,2018,6,2,25,21,3,1,Seafood,31
45,DXB,6/22/2018 8:25,FRA,C,Lunch,13,2,7,33,,2,10,47,1,1,2,1,8,27,1,8,,,1,,,,5,,,0,0,0,0,2018,6,2,25,22,4,1,Poultry,59
45,DXB,6/22/2018 8:25,FRA,C,Lunch,13,2,7,33,,2,10,47,1,1,2,1,8,27,1,8,,,1,,,,5,,,0,0,0,0,2018,6,2,25,22,4,1,Red Meat,59
45,DXB,6/22/2018 8:25,FRA,C,Lunch,13,2,7,33,,2,10,47,1,1,2,1,8,27,1,8,,,1,,,,5,,,0,0,0,0,2018,6,2,25,22,4,1,Seafood,59
45,DXB,6/23/2018 8:25,FRA,C,Lunch,12,5,9,29,3,5,19,36,1,1,2,4,6,22,,,,,,,3,,18,,,0,0,0,0,2018,6,2,25,23,5,1,Poultry,60
45,DXB,6/23/2018 8:25,FRA,C,Lunch,12,5,9,29,3,5,19,36,1,1,2,4,6,22,,,,,,,3,,18,,,0,0,0,0,2018,6,2,25,23,5,1,Red Meat,60
45,DXB,6/23/2018 8:25,FRA,C,Lunch,12,5,9,29,3,5,19,36,1,1,2,4,6,22,,,,,,,3,,18,,,0,0,0,0,2018,6,2,25,23,5,1,Seafood,60
45,DXB,6/24/2018 8:25,FRA,C,Lunch,20,1,13,29,1,1,21,47,,2,7,,2,14,9,10,,,,,4,,16,,,0,0,0,0,2018,6,2,25,24,6,1,Poultry,69
45,DXB,6/24/2018 8:25,FRA,C,Lunch,20,1,13,29,1,1,21,47,,2,7,,2,14,9,10,,,,,4,,16,,,0,0,0,0,2018,6,2,25,24,6,1,Red Meat,69
45,DXB,6/24/2018 8:25,FRA,C,Lunch,20,1,13,29,1,1,21,47,,2,7,,2,14,9,10,,,,,4,,16,,,0,0,0,0,2018,6,2,25,24,6,1,Seafood,69
45,DXB,6/25/2018 8:25,FRA,C,Lunch,12,1,21,25,4,2,29,38,2,8,10,1,5,8,5,2,,3,2,,,1,16,,,0,0,0,0,2018,6,2,26,25,0,1,Poultry,69
45,DXB,6/25/2018 8:25,FRA,C,Lunch,12,1,21,25,4,2,29,38,2,8,10,1,5,8,5,2,,3,2,,,1,16,,,0,0,0,0,2018,6,2,26,25,0,1,Red Meat,69
45,DXB,6/25/2018 8:25,FRA,C,Lunch,12,1,21,25,4,2,29,38,2,8,10,1,5,8,5,2,,3,2,,,1,16,,,0,0,0,0,2018,6,2,26,25,0,1,Seafood,69
45,DXB,6/26/2018 8:25,FRA,C,Lunch,9,4,4,22,4,5,19,25,1,2,6,2,5,4,13,,,,,1,,,9,,,0,0,0,0,2018,6,2,26,26,1,1,Poultry,49
45,DXB,6/26/2018 8:25,FRA,C,Lunch,9,4,4,22,4,5,19,25,1,2,6,2,5,4,13,,,,,1,,,9,,,0,0,0,0,2018,6,2,26,26,1,1,Red Meat,49
45,DXB,6/26/2018 8:25,FRA,C,Lunch,9,4,4,22,4,5,19,25,1,2,6,2,5,4,13,,,,,1,,,9,,,0,0,0,0,2018,6,2,26,26,1,1,Seafood,49
45,DXB,6/27/2018 8:25,FRA,C,Lunch,4,1,7,13,1,2,11,25,1,1,3,,1,11,,,,1,,,,,6,,,0,0,0,0,2018,6,2,26,27,2,1,Poultry,38
45,DXB,6/27/2018 8:25,FRA,C,Lunch,4,1,7,13,1,2,11,25,1,1,3,,1,11,,,,1,,,,,6,,,0,0,0,0,2018,6,2,26,27,2,1,Red Meat,38
45,DXB,6/27/2018 8:25,FRA,C,Lunch,4,1,7,13,1,2,11,25,1,1,3,,1,11,,,,1,,,,,6,,,0,0,0,0,2018,6,2,26,27,2,1,Seafood,38
45,DXB,6/28/2018 8:25,FRA,C,Lunch,4,1,7,14,,3,9,23,,1,1,,1,11,1,3,,,1,2,,,4,,,0,0,0,0,2018,6,2,26,28,3,1,Poultry,35
45,DXB,6/28/2018 8:25,FRA,C,Lunch,4,1,7,14,,3,9,23,,1,1,,1,11,1,3,,,1,2,,,4,,,0,0,0,0,2018,6,2,26,28,3,1,Red Meat,35
45,DXB,6/28/2018 8:25,FRA,C,Lunch,4,1,7,14,,3,9,23,,1,1,,1,11,1,3,,,1,2,,,4,,,0,0,0,0,2018,6,2,26,28,3,1,Seafood,35
46,FRA,6/21/2018 15:15,DXB,C,Lunch,17,,7,19,,,15,34,2,1,3,3,6,15,1,9,,,,,,,3,,,0,0,0,0,2018,6,2,25,21,3,1,Poultry,49
46,FRA,6/21/2018 15:15,DXB,C,Lunch,17,,7,19,,,15,34,2,1,3,3,6,15,1,9,,,,,,,3,,,0,1,0,0,2018,6,2,25,21,3,1,Red Meat,49
46,FRA,6/21/2018 15:15,DXB,C,Lunch,17,,7,19,,,15,34,2,1,3,3,6,15,1,9,,,,,,,3,,,0,0,0,0,2018,6,2,25,21,3,1,Seafood,49
46,FRA,6/22/2018 15:15,DXB,C,Lunch,15,1,12,28,1,1,13,47,4,4,5,1,9,20,4,6,,,,1,,,2,,,0,0,0,0,2018,6,2,25,22,4,1,Poultry,61
46,FRA,6/22/2018 15:15,DXB,C,Lunch,15,1,12,28,1,1,13,47,4,4,5,1,9,20,4,6,,,,1,,,2,,,0,1,0,0,2018,6,2,25,22,4,1,Red Meat,61
46,FRA,6/22/2018 15:15,DXB,C,Lunch,15,1,12,28,1,1,13,47,4,4,5,1,9,20,4,6,,,,1,,,2,,,0,0,0,0,2018,6,2,25,22,4,1,Seafood,61
46,FRA,6/23/2018 15:15,DXB,C,Lunch,37,,10,47,2,,24,73,2,4,13,4,5,21,4,26,,,,1,,1,11,,,0,0,0,0,2018,6,2,25,23,5,1,Poultry,97
46,FRA,6/23/2018 15:15,DXB,C,Lunch,37,,10,47,2,,24,73,2,4,13,4,5,21,4,26,,,,1,,1,11,,,0,1,0,0,2018,6,2,25,23,5,1,Red Meat,97
46,FRA,6/23/2018 15:15,DXB,C,Lunch,37,,10,47,2,,24,73,2,4,13,4,5,21,4,26,,,,1,,1,11,,,0,0,0,0,2018,6,2,25,23,5,1,Seafood,97
46,FRA,6/24/2018 15:15,DXB,C,Lunch,26,1,6,25,5,1,17,46,,,9,2,8,37,2,2,,,1,,,1,1,,,0,0,0,0,2018,6,2,25,24,6,1,Poultry,64
46,FRA,6/24/2018 15:15,DXB,C,Lunch,26,1,6,25,5,1,17,46,,,9,2,8,37,2,2,,,1,,,1,1,,,0,1,0,0,2018,6,2,25,24,6,1,Red Meat,64
46,FRA,6/24/2018 15:15,DXB,C,Lunch,26,1,6,25,5,1,17,46,,,9,2,8,37,2,2,,,1,,,1,1,,,0,0,0,0,2018,6,2,25,24,6,1,Seafood,64
46,FRA,6/25/2018 15:15,DXB,C,Lunch,20,2,4,41,1,2,16,50,1,3,4,3,7,41,2,3,,2,1,,,,1,,,0,0,0,0,2018,6,2,26,25,0,1,Poultry,68
46,FRA,6/25/2018 15:15,DXB,C,Lunch,20,2,4,41,1,2,16,50,1,3,4,3,7,41,2,3,,2,1,,,,1,,,0,1,0,0,2018,6,2,26,25,0,1,Red Meat,68
46,FRA,6/25/2018 15:15,DXB,C,Lunch,20,2,4,41,1,2,16,50,1,3,4,3,7,41,2,3,,2,1,,,,1,,,0,0,0,0,2018,6,2,26,25,0,1,Seafood,68
46,FRA,6/26/2018 15:15,DXB,C,Lunch,8,2,1,11,1,2,8,19,,,5,,,11,,1,,,,,,,,,,0,0,0,0,2018,6,2,26,26,1,1,Poultry,29
46,FRA,6/26/2018 15:15,DXB,C,Lunch,8,2,1,11,1,2,8,19,,,5,,,11,,1,,,,,,,,,,0,1,0,0,2018,6,2,26,26,1,1,Red Meat,29
46,FRA,6/26/2018 15:15,DXB,C,Lunch,8,2,1,11,1,2,8,19,,,5,,,11,,1,,,,,,,,,,0,0,0,0,2018,6,2,26,26,1,1,Seafood,29
46,FRA,6/27/2018 15:15,DXB,C,Lunch,4,1,4,8,,1,5,14,,1,2,,2,6,,3,,2,,,,,1,,,0,0,0,0,2018,6,2,26,27,2,1,Poultry,20
46,FRA,6/27/2018 15:15,DXB,C,Lunch,4,1,4,8,,1,5,14,,1,2,,2,6,,3,,2,,,,,1,,,0,1,0,0,2018,6,2,26,27,2,1,Red Meat,20
46,FRA,6/27/2018 15:15,DXB,C,Lunch,4,1,4,8,,1,5,14,,1,2,,2,6,,3,,2,,,,,1,,,0,0,0,0,2018,6,2,26,27,2,1,Seafood,20
46,FRA,6/28/2018 15:15,DXB,C,Lunch,3,,3,8,,,2,17,,1,2,,2,3,2,1,,,,,,,2,,,0,0,0,0,2018,6,2,26,28,3,1,Poultry,19
46,FRA,6/28/2018 15:15,DXB,C,Lunch,3,,3,8,,,2,17,,1,2,,2,3,2,1,,,,,,,2,,,0,1,0,0,2018,6,2,26,28,3,1,Red Meat,19
46,FRA,6/28/2018 15:15,DXB,C,Lunch,3,,3,8,,,2,17,,1,2,,2,3,2,1,,,,,,,2,,,0,0,0,0,2018,6,2,26,28,3,1,Seafood,19
49,DXB,6/21/2018 8:50,MUC,C,Lunch,16,3,9,32,2,1,22,43,4,,2,,18,22,8,,,,,1,,,3,,,0,0,0,0,2018,6,2,25,21,3,1,Poultry,65
49,DXB,6/21/2018 8:50,MUC,C,Lunch,16,3,9,32,2,1,22,43,4,,2,,18,22,8,,,,,1,,,3,,,0,0,0,0,2018,6,2,25,21,3,1,Red Meat,65
49,DXB,6/21/2018 8:50,MUC,C,Lunch,16,3,9,32,2,1,22,43,4,,2,,18,22,8,,,,,1,,,3,,,0,0,0,0,2018,6,2,25,21,3,1,Seafood,65
49,DXB,6/22/2018 8:50,MUC,C,Lunch,27,4,1,42,4,4,19,56,5,,5,1,1,38,19,3,1,,,,,,3,,,0,0,0,0,2018,6,2,25,22,4,1,Poultry,79
49,DXB,6/22/2018 8:50,MUC,C,Lunch,27,4,1,42,4,4,19,56,5,,5,1,1,38,19,3,1,,,,,,3,,,0,0,0,0,2018,6,2,25,22,4,1,Red Meat,79
49,DXB,6/22/2018 8:50,MUC,C,Lunch,27,4,1,42,4,4,19,56,5,,5,1,1,38,19,3,1,,,,,,3,,,0,0,0,0,2018,6,2,25,22,4,1,Seafood,79
49,DXB,6/23/2018 8:50,MUC,C,Lunch,16,2,2,49,1,2,16,60,,,4,,9,32,9,6,,,,,,,10,,,0,0,0,0,2018,6,2,25,23,5,1,Poultry,78
49,DXB,6/23/2018 8:50,MUC,C,Lunch,16,2,2,49,1,2,16,60,,,4,,9,32,9,6,,,,,,,10,,,0,0,0,0,2018,6,2,25,23,5,1,Red Meat,78
49,DXB,6/23/2018 8:50,MUC,C,Lunch,16,2,2,49,1,2,16,60,,,4,,9,32,9,6,,,,,,,10,,,0,0,0,0,2018,6,2,25,23,5,1,Seafood,78
49,DXB,6/24/2018 8:50,MUC,C,Lunch,31,3,12,30,1,2,26,56,1,5,5,4,3,5,36,5,,,,2,,,11,,,0,0,0,0,2018,6,2,25,24,6,1,Poultry,83
49,DXB,6/24/2018 8:50,MUC,C,Lunch,31,3,12,30,1,2,26,56,1,5,5,4,3,5,36,5,,,,2,,,11,,,0,0,0,0,2018,6,2,25,24,6,1,Red Meat,83
49,DXB,6/24/2018 8:50,MUC,C,Lunch,31,3,12,30,1,2,26,56,1,5,5,4,3,5,36,5,,,,2,,,11,,,0,0,0,0,2018,6,2,25,24,6,1,Seafood,83
49,DXB,6/25/2018 8:50,MUC,C,Lunch,24,3,7,32,5,2,31,49,1,2,12,,3,17,30,2,,1,,1,,,2,,,0,0,0,0,2018,6,2,26,25,0,1,Poultry,81
49,DXB,6/25/2018 8:50,MUC,C,Lunch,24,3,7,32,5,2,31,49,1,2,12,,3,17,30,2,,1,,1,,,2,,,0,0,0,0,2018,6,2,26,25,0,1,Red Meat,81
49,DXB,6/25/2018 8:50,MUC,C,Lunch,24,3,7,32,5,2,31,49,1,2,12,,3,17,30,2,,1,,1,,,2,,,0,0,0,0,2018,6,2,26,25,0,1,Seafood,81
49,DXB,6/26/2018 8:50,MUC,C,Lunch,27,6,10,19,1,15,23,50,1,2,2,,17,5,15,,1,,,,,,15,,,0,0,0,0,2018,6,2,26,26,1,1,Poultry,86
49,DXB,6/26/2018 8:50,MUC,C,Lunch,27,6,10,19,1,15,23,50,1,2,2,,17,5,15,,1,,,,,,15,,,0,0,0,0,2018,6,2,26,26,1,1,Red Meat,86
49,DXB,6/26/2018 8:50,MUC,C,Lunch,27,6,10,19,1,15,23,50,1,2,2,,17,5,15,,1,,,,,,15,,,0,0,0,0,2018,6,2,26,26,1,1,Seafood,86
49,DXB,6/27/2018 8:50,MUC,C,Lunch,7,1,4,21,2,3,17,29,,,4,1,6,10,1,1,,,,,,1,5,,,0,0,0,0,2018,6,2,26,27,2,1,Poultry,49
49,DXB,6/27/2018 8:50,MUC,C,Lunch,7,1,4,21,2,3,17,29,,,4,1,6,10,1,1,,,,,,1,5,,,0,0,0,0,2018,6,2,26,27,2,1,Red Meat,49
49,DXB,6/27/2018 8:50,MUC,C,Lunch,7,1,4,21,2,3,17,29,,,4,1,6,10,1,1,,,,,,1,5,,,0,0,0,0,2018,6,2,26,27,2,1,Seafood,49
49,DXB,6/28/2018 8:50,MUC,C,Lunch,8,5,4,26,4,6,17,35,,,,1,7,14,18,,,,1,,,,3,,,0,0,0,0,2018,6,2,26,28,3,1,Poultry,58
49,DXB,6/28/2018 8:50,MUC,C,Lunch,8,5,4,26,4,6,17,35,,,,1,7,14,18,,,,1,,,,3,,,0,0,0,0,2018,6,2,26,28,3,1,Red Meat,58
49,DXB,6/28/2018 8:50,MUC,C,Lunch,8,5,4,26,4,6,17,35,,,,1,7,14,18,,,,1,,,,3,,,0,0,0,0,2018,6,2,26,28,3,1,Seafood,58
50,MUC,6/21/2018 15:40,DXB,C,Lunch,10,2,17,18,1,2,20,26,,1,8,,1,11,9,3,,,,12,,,3,,,0,0,0,0,2018,6,2,25,21,3,1,Poultry,48
50,MUC,6/21/2018 15:40,DXB,C,Lunch,10,2,17,18,1,2,20,26,,1,8,,1,11,9,3,,,,12,,,3,,,0,1,0,0,2018,6,2,25,21,3,1,Red Meat,48
50,MUC,6/21/2018 15:40,DXB,C,Lunch,10,2,17,18,1,2,20,26,,1,8,,1,11,9,3,,,,12,,,3,,,0,0,0,0,2018,6,2,25,21,3,1,Seafood,48
50,MUC,6/22/2018 15:40,DXB,C,Lunch,16,,4,36,,,14,42,1,,4,,4,13,17,7,,1,1,,,1,7,,,0,0,0,0,2018,6,2,25,22,4,1,Poultry,56
50,MUC,6/22/2018 15:40,DXB,C,Lunch,16,,4,36,,,14,42,1,,4,,4,13,17,7,,1,1,,,1,7,,,0,1,0,0,2018,6,2,25,22,4,1,Red Meat,56
50,MUC,6/22/2018 15:40,DXB,C,Lunch,16,,4,36,,,14,42,1,,4,,4,13,17,7,,1,1,,,1,7,,,0,0,0,0,2018,6,2,25,22,4,1,Seafood,56
50,MUC,6/23/2018 15:40,DXB,C,Lunch,16,5,13,36,1,4,14,54,,3,12,1,9,12,14,3,,,,12,,1,3,,,0,0,0,0,2018,6,2,25,23,5,1,Poultry,71
50,MUC,6/23/2018 15:40,DXB,C,Lunch,16,5,13,36,1,4,14,54,,3,12,1,9,12,14,3,,,,12,,1,3,,,0,1,0,0,2018,6,2,25,23,5,1,Red Meat,71
50,MUC,6/23/2018 15:40,DXB,C,Lunch,16,5,13,36,1,4,14,54,,3,12,1,9,12,14,3,,,,12,,1,3,,,0,0,0,0,2018,6,2,25,23,5,1,Seafood,71
50,MUC,6/24/2018 15:40,DXB,C,Lunch,20,,11,41,2,,14,61,,4,2,5,5,48,2,1,,,,5,,1,,,,0,0,0,0,2018,6,2,25,24,6,1,Poultry,75
50,MUC,6/24/2018 15:40,DXB,C,Lunch,20,,11,41,2,,14,61,,4,2,5,5,48,2,1,,,,5,,1,,,,0,1,0,0,2018,6,2,25,24,6,1,Red Meat,75
50,MUC,6/24/2018 15:40,DXB,C,Lunch,20,,11,41,2,,14,61,,4,2,5,5,48,2,1,,,,5,,1,,,,0,0,0,0,2018,6,2,25,24,6,1,Seafood,75
50,MUC,6/25/2018 15:40,DXB,C,Lunch,11,3,2,17,,3,7,25,,,3,2,9,9,7,,,,,,,,3,,,0,0,0,0,2018,6,2,26,25,0,1,Poultry,35
50,MUC,6/25/2018 15:40,DXB,C,Lunch,11,3,2,17,,3,7,25,,,3,2,9,9,7,,,,,,,,3,,,0,1,0,0,2018,6,2,26,25,0,1,Red Meat,35
50,MUC,6/25/2018 15:40,DXB,C,Lunch,11,3,2,17,,3,7,25,,,3,2,9,9,7,,,,,,,,3,,,0,0,0,0,2018,6,2,26,25,0,1,Seafood,35
50,MUC,6/26/2018 15:40,DXB,C,Lunch,11,,2,9,,,6,21,,,1,,4,10,2,1,,,,1,,,3,,,0,0,0,0,2018,6,2,26,26,1,1,Poultry,27
50,MUC,6/26/2018 15:40,DXB,C,Lunch,11,,2,9,,,6,21,,,1,,4,10,2,1,,,,1,,,3,,,0,1,0,0,2018,6,2,26,26,1,1,Red Meat,27
50,MUC,6/26/2018 15:40,DXB,C,Lunch,11,,2,9,,,6,21,,,1,,4,10,2,1,,,,1,,,3,,,0,0,0,0,2018,6,2,26,26,1,1,Seafood,27
50,MUC,6/27/2018 15:40,DXB,C,Lunch,7,2,5,12,,2,5,21,2,,6,,1,2,12,,,,,1,,,2,,,0,0,0,0,2018,6,2,26,27,2,1,Poultry,28
50,MUC,6/27/2018 15:40,DXB,C,Lunch,7,2,5,12,,2,5,21,2,,6,,1,2,12,,,,,1,,,2,,,0,1,0,0,2018,6,2,26,27,2,1,Red Meat,28
50,MUC,6/27/2018 15:40,DXB,C,Lunch,7,2,5,12,,2,5,21,2,,6,,1,2,12,,,,,1,,,2,,,0,0,0,0,2018,6,2,26,27,2,1,Seafood,28
50,MUC,6/28/2018 15:40,DXB,C,Lunch,17,5,10,9,1,3,17,24,,,3,,1,1,16,8,,,,3,,,10,,,0,0,0,0,2018,6,2,26,28,3,1,Poultry,42
50,MUC,6/28/2018 15:40,DXB,C,Lunch,17,5,10,9,1,3,17,24,,,3,,1,1,16,8,,,,3,,,10,,,0,1,0,0,2018,6,2,26,28,3,1,Red Meat,42
50,MUC,6/28/2018 15:40,DXB,C,Lunch,17,5,10,9,1,3,17,24,,,3,,1,1,16,8,,,,3,,,10,,,0,0,0,0,2018,6,2,26,28,3,1,Seafood,42
73,DXB,6/21/2018 8:20,CDG,C,Lunch,25,10,10,40,4,8,36,49,9,3,9,1,36,,5,3,,,,,5,,18,,,0,0,0,0,2018,6,2,25,21,3,1,Poultry,91
73,DXB,6/21/2018 8:20,CDG,C,Lunch,25,10,10,40,4,8,36,49,9,3,9,1,36,,5,3,,,,,5,,18,,,0,0,0,0,2018,6,2,25,21,3,1,Red Meat,91
73,DXB,6/21/2018 8:20,CDG,C,Lunch,25,10,10,40,4,8,36,49,9,3,9,1,36,,5,3,,,,,5,,18,,,0,0,0,0,2018,6,2,25,21,3,1,Seafood,91
73,DXB,6/22/2018 8:20,CDG,C,Lunch,38,7,10,37,1,3,41,61,3,3,3,,46,,14,,,,,1,,1,21,,,0,0,0,0,2018,6,2,25,22,4,1,Poultry,102
73,DXB,6/22/2018 8:20,CDG,C,Lunch,38,7,10,37,1,3,41,61,3,3,3,,46,,14,,,,,1,,1,21,,,0,0,0,0,2018,6,2,25,22,4,1,Red Meat,102
73,DXB,6/22/2018 8:20,CDG,C,Lunch,38,7,10,37,1,3,41,61,3,3,3,,46,,14,,,,,1,,1,21,,,0,0,0,0,2018,6,2,25,22,4,1,Seafood,102
73,DXB,6/23/2018 8:20,CDG,C,Lunch,23,4,11,41,3,4,31,49,2,5,4,1,32,,11,,,,,,,,26,,,0,0,0,0,2018,6,2,25,23,5,1,Poultry,84
73,DXB,6/23/2018 8:20,CDG,C,Lunch,23,4,11,41,3,4,31,49,2,5,4,1,32,,11,,,,,,,,26,,,0,0,0,0,2018,6,2,25,23,5,1,Red Meat,84
73,DXB,6/23/2018 8:20,CDG,C,Lunch,23,4,11,41,3,4,31,49,2,5,4,1,32,,11,,,,,,,,26,,,0,0,0,0,2018,6,2,25,23,5,1,Seafood,84
73,DXB,6/24/2018 8:20,CDG,C,Lunch,21,1,19,36,5,1,35,52,8,1,10,,27,,2,2,,,,3,5,2,21,,,0,0,0,0,2018,6,2,25,24,6,1,Poultry,87
73,DXB,6/24/2018 8:20,CDG,C,Lunch,21,1,19,36,5,1,35,52,8,1,10,,27,,2,2,,,,3,5,2,21,,,0,0,0,0,2018,6,2,25,24,6,1,Red Meat,87
73,DXB,6/24/2018 8:20,CDG,C,Lunch,21,1,19,36,5,1,35,52,8,1,10,,27,,2,2,,,,3,5,2,21,,,0,0,0,0,2018,6,2,25,24,6,1,Seafood,87
73,DXB,6/25/2018 8:20,CDG,C,Lunch,54,4,8,20,,2,11,74,3,2,8,,65,,1,2,,,,,,1,4,,,0,0,0,0,2018,6,2,26,25,0,1,Poultry,87
73,DXB,6/25/2018 8:20,CDG,C,Lunch,54,4,8,20,,2,11,74,3,2,8,,65,,1,2,,,,,,1,4,,,0,0,0,0,2018,6,2,26,25,0,1,Red Meat,87
73,DXB,6/25/2018 8:20,CDG,C,Lunch,54,4,8,20,,2,11,74,3,2,8,,65,,1,2,,,,,,1,4,,,0,0,0,0,2018,6,2,26,25,0,1,Seafood,87
73,DXB,6/26/2018 8:20,CDG,C,Lunch,17,6,21,40,1,6,26,59,3,5,3,,25,,6,7,2,,1,,2,,27,,,0,0,0,0,2018,6,2,26,26,1,1,Poultry,91
73,DXB,6/26/2018 8:20,CDG,C,Lunch,17,6,21,40,1,6,26,59,3,5,3,,25,,6,7,2,,1,,2,,27,,,0,0,0,0,2018,6,2,26,26,1,1,Red Meat,91
73,DXB,6/26/2018 8:20,CDG,C,Lunch,17,6,21,40,1,6,26,59,3,5,3,,25,,6,7,2,,1,,2,,27,,,0,0,0,0,2018,6,2,26,26,1,1,Seafood,91
73,DXB,6/27/2018 8:20,CDG,C,Lunch,13,3,7,18,,4,17,42,1,1,3,,16,,,1,1,,,,1,2,9,,,0,0,0,0,2018,6,2,26,27,2,1,Poultry,63
73,DXB,6/27/2018 8:20,CDG,C,Lunch,13,3,7,18,,4,17,42,1,1,3,,16,,,1,1,,,,1,2,9,,,0,0,0,0,2018,6,2,26,27,2,1,Red Meat,63
73,DXB,6/27/2018 8:20,CDG,C,Lunch,13,3,7,18,,4,17,42,1,1,3,,16,,,1,1,,,,1,2,9,,,0,0,0,0,2018,6,2,26,27,2,1,Seafood,63
73,DXB,6/28/2018 8:20,CDG,C,Lunch,10,1,11,33,2,3,22,46,4,4,2,,29,,1,1,,,,,,,11,,,0,0,0,0,2018,6,2,26,28,3,1,Poultry,71
73,DXB,6/28/2018 8:20,CDG,C,Lunch,10,1,11,33,2,3,22,46,4,4,2,,29,,1,1,,,,,,,11,,,0,0,0,0,2018,6,2,26,28,3,1,Red Meat,71
73,DXB,6/28/2018 8:20,CDG,C,Lunch,10,1,11,33,2,3,22,46,4,4,2,,29,,1,1,,,,,,,11,,,0,0,0,0,2018,6,2,26,28,3,1,Seafood,71
74,CDG,6/21/2018 15:35,DXB,C,Lunch,31,12,7,25,5,12,27,43,1,3,5,3,22,2,3,20,1,,1,3,1,7,5,,,0,0,0,0,2018,6,2,25,21,3,1,Poultry,82
74,CDG,6/21/2018 15:35,DXB,C,Lunch,31,12,7,25,5,12,27,43,1,3,5,3,22,2,3,20,1,,1,3,1,7,5,,,0,0,0,0,2018,6,2,25,21,3,1,Red Meat,82
74,CDG,6/21/2018 15:35,DXB,C,Lunch,31,12,7,25,5,12,27,43,1,3,5,3,22,2,3,20,1,,1,3,1,7,5,,,0,1,0,0,2018,6,2,25,21,3,1,Seafood,82
74,CDG,6/22/2018 15:35,DXB,C,Lunch,29,3,10,29,2,2,23,48,7,4,10,4,23,,2,4,,,1,3,1,,14,,,0,0,0,0,2018,6,2,25,22,4,1,Poultry,72
74,CDG,6/22/2018 15:35,DXB,C,Lunch,29,3,10,29,2,2,23,48,7,4,10,4,23,,2,4,,,1,3,1,,14,,,0,0,0,0,2018,6,2,25,22,4,1,Red Meat,72
74,CDG,6/22/2018 15:35,DXB,C,Lunch,29,3,10,29,2,2,23,48,7,4,10,4,23,,2,4,,,1,3,1,,14,,,0,1,0,0,2018,6,2,25,22,4,1,Seafood,72
74,CDG,6/23/2018 15:35,DXB,C,Lunch,22,3,12,44,4,1,31,60,,,16,2,29,,15,3,2,,,2,2,2,12,,,0,0,0,0,2018,6,2,25,23,5,1,Poultry,90
74,CDG,6/23/2018 15:35,DXB,C,Lunch,22,3,12,44,4,1,31,60,,,16,2,29,,15,3,2,,,2,2,2,12,,,0,0,0,0,2018,6,2,25,23,5,1,Red Meat,90
74,CDG,6/23/2018 15:35,DXB,C,Lunch,22,3,12,44,4,1,31,60,,,16,2,29,,15,3,2,,,2,2,2,12,,,0,1,0,0,2018,6,2,25,23,5,1,Seafood,90
74,CDG,6/24/2018 15:35,DXB,C,Lunch,24,,12,47,2,,28,60,1,4,4,1,44,3,1,2,13,,,2,,,9,,,0,0,0,0,2018,6,2,25,24,6,1,Poultry,88
74,CDG,6/24/2018 15:35,DXB,C,Lunch,24,,12,47,2,,28,60,1,4,4,1,44,3,1,2,13,,,2,,,9,,,0,0,0,0,2018,6,2,25,24,6,1,Red Meat,88
74,CDG,6/24/2018 15:35,DXB,C,Lunch,24,,12,47,2,,28,60,1,4,4,1,44,3,1,2,13,,,2,,,9,,,0,1,0,0,2018,6,2,25,24,6,1,Seafood,88
74,CDG,6/25/2018 15:35,DXB,C,Lunch,25,1,16,40,2,,34,56,6,2,7,1,42,3,1,6,3,,,2,,1,10,,,0,0,0,0,2018,6,2,26,25,0,1,Poultry,90
74,CDG,6/25/2018 15:35,DXB,C,Lunch,25,1,16,40,2,,34,56,6,2,7,1,42,3,1,6,3,,,2,,1,10,,,0,0,0,0,2018,6,2,26,25,0,1,Red Meat,90
74,CDG,6/25/2018 15:35,DXB,C,Lunch,25,1,16,40,2,,34,56,6,2,7,1,42,3,1,6,3,,,2,,1,10,,,0,1,0,0,2018,6,2,26,25,0,1,Seafood,90
74,CDG,6/26/2018 15:35,DXB,C,Lunch,13,4,15,22,2,3,22,34,5,,11,3,13,,1,12,,,1,,,1,7,,,0,0,0,0,2018,6,2,26,26,1,1,Poultry,58
74,CDG,6/26/2018 15:35,DXB,C,Lunch,13,4,15,22,2,3,22,34,5,,11,3,13,,1,12,,,1,,,1,7,,,0,0,0,0,2018,6,2,26,26,1,1,Red Meat,58
74,CDG,6/26/2018 15:35,DXB,C,Lunch,13,4,15,22,2,3,22,34,5,,11,3,13,,1,12,,,1,,,1,7,,,0,1,0,0,2018,6,2,26,26,1,1,Seafood,58
74,CDG,6/27/2018 15:35,DXB,C,Lunch,14,1,9,15,,1,14,32,,3,4,,8,,11,6,,,,,1,1,4,,,0,0,0,0,2018,6,2,26,27,2,1,Poultry,46
74,CDG,6/27/2018 15:35,DXB,C,Lunch,14,1,9,15,,1,14,32,,3,4,,8,,11,6,,,,,1,1,4,,,0,0,0,0,2018,6,2,26,27,2,1,Red Meat,46
74,CDG,6/27/2018 15:35,DXB,C,Lunch,14,1,9,15,,1,14,32,,3,4,,8,,11,6,,,,,1,1,4,,,0,1,0,0,2018,6,2,26,27,2,1,Seafood,46
74,CDG,6/28/2018 15:35,DXB,C,Lunch,13,6,9,21,1,5,15,34,,3,,,12,,9,9,1,,,,,1,13,2,,0,0,0,0,2018,6,2,26,28,3,1,Poultry,53
74,CDG,6/28/2018 15:35,DXB,C,Lunch,13,6,9,21,1,5,15,34,,3,,,12,,9,9,1,,,,,1,13,2,,0,0,0,0,2018,6,2,26,28,3,1,Red Meat,53
74,CDG,6/28/2018 15:35,DXB,C,Lunch,13,6,9,21,1,5,15,34,,3,,,12,,9,9,1,,,,,1,13,2,,0,1,0,0,2018,6,2,26,28,3,1,Seafood,53
81,DXB,6/22/2018 14:35,LYS,C,Lunch,,,7,17,2,,6,20,1,,,,18,,,,,,,,,,7,,,0,0,0,0,2018,6,2,25,22,4,1,Poultry,26
81,DXB,6/22/2018 14:35,LYS,C,Lunch,,,7,17,2,,6,20,1,,,,18,,,,,,,,,,7,,,0,0,0,0,2018,6,2,25,22,4,1,Red Meat,26
81,DXB,6/22/2018 14:35,LYS,C,Lunch,,,7,17,2,,6,20,1,,,,18,,,,,,,,,,7,,,0,0,0,0,2018,6,2,25,22,4,1,Seafood,26
81,DXB,6/23/2018 14:35,LYS,C,Lunch,8,2,1,11,,1,6,15,,,,,13,,3,,,,,,,2,2,,,0,0,0,0,2018,6,2,25,23,5,1,Poultry,21
81,DXB,6/23/2018 14:35,LYS,C,Lunch,8,2,1,11,,1,6,15,,,,,13,,3,,,,,,,2,2,,,0,0,0,0,2018,6,2,25,23,5,1,Red Meat,21
81,DXB,6/23/2018 14:35,LYS,C,Lunch,8,2,1,11,,1,6,15,,,,,13,,3,,,,,,,2,2,,,0,0,0,0,2018,6,2,25,23,5,1,Seafood,21
81,DXB,6/24/2018 14:35,LYS,C,Lunch,6,1,,11,,1,1,16,,,4,,5,,5,2,,,,,,2,,,,0,0,0,0,2018,6,2,25,24,6,1,Poultry,18
81,DXB,6/24/2018 14:35,LYS,C,Lunch,6,1,,11,,1,1,16,,,4,,5,,5,2,,,,,,2,,,,0,0,0,0,2018,6,2,25,24,6,1,Red Meat,18
81,DXB,6/24/2018 14:35,LYS,C,Lunch,6,1,,11,,1,1,16,,,4,,5,,5,2,,,,,,2,,,,0,0,0,0,2018,6,2,25,24,6,1,Seafood,18
81,DXB,6/25/2018 14:35,LYS,C,Lunch,1,,1,2,,,3,1,,,,,3,,,1,,,,,,,,,,0,0,0,0,2018,6,2,26,25,0,1,Poultry,4
81,DXB,6/25/2018 14:35,LYS,C,Lunch,1,,1,2,,,3,1,,,,,3,,,1,,,,,,,,,,0,0,0,0,2018,6,2,26,25,0,1,Red Meat,4
81,DXB,6/25/2018 14:35,LYS,C,Lunch,1,,1,2,,,3,1,,,,,3,,,1,,,,,,,,,,0,0,0,0,2018,6,2,26,25,0,1,Seafood,4
81,DXB,6/27/2018 14:35,LYS,C,Lunch,8,,1,9,1,,7,19,,,,,12,,1,1,,,,2,,1,,,,0,0,0,0,2018,6,2,26,27,2,1,Poultry,26
81,DXB,6/27/2018 14:35,LYS,C,Lunch,8,,1,9,1,,7,19,,,,,12,,1,1,,,,2,,1,,,,0,0,0,0,2018,6,2,26,27,2,1,Red Meat,26
81,DXB,6/27/2018 14:35,LYS,C,Lunch,8,,1,9,1,,7,19,,,,,12,,1,1,,,,2,,1,,,,0,0,0,0,2018,6,2,26,27,2,1,Seafood,26
87,DXB,6/21/2018 8:40,ZRH,C,Lunch,15,5,8,23,4,3,18,40,1,2,5,3,14,5,1,16,,3,,,,,2,,,0,0,0,0,2018,6,2,25,21,3,1,Poultry,59
87,DXB,6/21/2018 8:40,ZRH,C,Lunch,15,5,8,23,4,3,18,40,1,2,5,3,14,5,1,16,,3,,,,,2,,,0,0,0,0,2018,6,2,25,21,3,1,Red Meat,59
87,DXB,6/21/2018 8:40,ZRH,C,Lunch,15,5,8,23,4,3,18,40,1,2,5,3,14,5,1,16,,3,,,,,2,,,0,0,0,0,2018,6,2,25,21,3,1,Seafood,59
87,DXB,6/22/2018 8:40,ZRH,C,Lunch,7,7,10,32,3,5,21,35,6,,10,,15,,11,6,,,,4,,,6,,,0,0,0,0,2018,6,2,25,22,4,1,Poultry,59
87,DXB,6/22/2018 8:40,ZRH,C,Lunch,7,7,10,32,3,5,21,35,6,,10,,15,,11,6,,,,4,,,6,,,0,0,0,0,2018,6,2,25,22,4,1,Red Meat,59
87,DXB,6/22/2018 8:40,ZRH,C,Lunch,7,7,10,32,3,5,21,35,6,,10,,15,,11,6,,,,4,,,6,,,0,0,0,0,2018,6,2,25,22,4,1,Seafood,59
87,DXB,6/23/2018 8:40,ZRH,C,Lunch,19,5,6,28,1,8,24,40,,3,5,,23,6,7,8,1,,1,,,,4,1,,0,0,0,0,2018,6,2,25,23,5,1,Poultry,72
87,DXB,6/23/2018 8:40,ZRH,C,Lunch,19,5,6,28,1,8,24,40,,3,5,,23,6,7,8,1,,1,,,,4,1,,0,0,0,0,2018,6,2,25,23,5,1,Red Meat,72
87,DXB,6/23/2018 8:40,ZRH,C,Lunch,19,5,6,28,1,8,24,40,,3,5,,23,6,7,8,1,,1,,,,4,1,,0,0,0,0,2018,6,2,25,23,5,1,Seafood,72
87,DXB,6/24/2018 8:40,ZRH,C,Lunch,19,2,3,28,1,3,20,34,1,,8,,8,7,7,8,,1,1,1,,3,8,,,0,0,0,0,2018,6,2,25,24,6,1,Poultry,57
87,DXB,6/24/2018 8:40,ZRH,C,Lunch,19,2,3,28,1,3,20,34,1,,8,,8,7,7,8,,1,1,1,,3,8,,,0,0,0,0,2018,6,2,25,24,6,1,Red Meat,57
87,DXB,6/24/2018 8:40,ZRH,C,Lunch,19,2,3,28,1,3,20,34,1,,8,,8,7,7,8,,1,1,1,,3,8,,,0,0,0,0,2018,6,2,25,24,6,1,Seafood,57
87,DXB,6/25/2018 8:40,ZRH,C,Lunch,9,5,6,31,2,4,19,32,,9,8,4,10,3,11,2,,,1,3,,,2,,,0,0,0,0,2018,6,2,26,25,0,1,Poultry,54
87,DXB,6/25/2018 8:40,ZRH,C,Lunch,9,5,6,31,2,4,19,32,,9,8,4,10,3,11,2,,,1,3,,,2,,,0,0,0,0,2018,6,2,26,25,0,1,Red Meat,54
87,DXB,6/25/2018 8:40,ZRH,C,Lunch,9,5,6,31,2,4,19,32,,9,8,4,10,3,11,2,,,1,3,,,2,,,0,0,0,0,2018,6,2,26,25,0,1,Seafood,54
87,DXB,6/26/2018 8:40,ZRH,C,Lunch,13,7,28,21,,7,28,39,6,,6,1,13,,2,14,,,,21,,1,5,,1,0,0,0,0,2018,6,2,26,26,1,1,Poultry,74
87,DXB,6/26/2018 8:40,ZRH,C,Lunch,13,7,28,21,,7,28,39,6,,6,1,13,,2,14,,,,21,,1,5,,1,0,0,0,0,2018,6,2,26,26,1,1,Red Meat,74
87,DXB,6/26/2018 8:40,ZRH,C,Lunch,13,7,28,21,,7,28,39,6,,6,1,13,,2,14,,,,21,,1,5,,1,0,0,0,0,2018,6,2,26,26,1,1,Seafood,74
87,DXB,6/27/2018 8:40,ZRH,C,Lunch,9,,7,16,,2,18,30,1,,,1,17,,2,1,,1,1,3,,,2,,,0,0,0,0,2018,6,2,26,27,2,1,Poultry,50
87,DXB,6/27/2018 8:40,ZRH,C,Lunch,9,,7,16,,2,18,30,1,,,1,17,,2,1,,1,1,3,,,2,,,0,0,0,0,2018,6,2,26,27,2,1,Red Meat,50
87,DXB,6/27/2018 8:40,ZRH,C,Lunch,9,,7,16,,2,18,30,1,,,1,17,,2,1,,1,1,3,,,2,,,0,0,0,0,2018,6,2,26,27,2,1,Seafood,50
87,DXB,6/28/2018 8:40,ZRH,C,Lunch,12,1,7,18,,3,29,32,3,1,6,3,12,2,2,1,,2,2,,,,2,1,,0,0,0,0,2018,6,2,26,28,3,1,Poultry,64
87,DXB,6/28/2018 8:40,ZRH,C,Lunch,12,1,7,18,,3,29,32,3,1,6,3,12,2,2,1,,2,2,,,,2,1,,0,0,0,0,2018,6,2,26,28,3,1,Red Meat,64
87,DXB,6/28/2018 8:40,ZRH,C,Lunch,12,1,7,18,,3,29,32,3,1,6,3,12,2,2,1,,2,2,,,,2,1,,0,0,0,0,2018,6,2,26,28,3,1,Seafood,64
88,ZRH,6/21/2018 15:25,DXB,C,Lunch,12,3,10,28,3,3,19,35,,,3,1,12,1,4,27,2,,,,,,6,,,0,0,0,0,2018,6,2,25,21,3,1,Poultry,57
88,ZRH,6/21/2018 15:25,DXB,C,Lunch,12,3,10,28,3,3,19,35,,,3,1,12,1,4,27,2,,,,,,6,,,0,0,0,0,2018,6,2,25,21,3,1,Red Meat,57
88,ZRH,6/21/2018 15:25,DXB,C,Lunch,12,3,10,28,3,3,19,35,,,3,1,12,1,4,27,2,,,,,,6,,,0,0,0,0,2018,6,2,25,21,3,1,Seafood,57
88,ZRH,6/22/2018 15:25,DXB,C,Lunch,10,3,6,21,3,3,15,26,,4,3,,8,1,7,3,,2,2,,,1,12,,,0,0,0,0,2018,6,2,25,22,4,1,Poultry,44
88,ZRH,6/22/2018 15:25,DXB,C,Lunch,10,3,6,21,3,3,15,26,,4,3,,8,1,7,3,,2,2,,,1,12,,,0,0,0,0,2018,6,2,25,22,4,1,Red Meat,44
88,ZRH,6/22/2018 15:25,DXB,C,Lunch,10,3,6,21,3,3,15,26,,4,3,,8,1,7,3,,2,2,,,1,12,,,0,0,0,0,2018,6,2,25,22,4,1,Seafood,44
88,ZRH,6/23/2018 15:25,DXB,C,Lunch,29,2,14,36,3,,31,55,1,4,7,1,27,6,8,13,2,,,,,,15,,,0,0,0,0,2018,6,2,25,23,5,1,Poultry,84
88,ZRH,6/23/2018 15:25,DXB,C,Lunch,29,2,14,36,3,,31,55,1,4,7,1,27,6,8,13,2,,,,,,15,,,0,0,0,0,2018,6,2,25,23,5,1,Red Meat,84
88,ZRH,6/23/2018 15:25,DXB,C,Lunch,29,2,14,36,3,,31,55,1,4,7,1,27,6,8,13,2,,,,,,15,,,0,0,0,0,2018,6,2,25,23,5,1,Seafood,84
88,ZRH,6/24/2018 15:25,DXB,C,Lunch,11,3,3,23,,2,13,27,,,2,,17,6,,9,,1,,,,,3,1,,0,0,0,0,2018,6,2,25,24,6,1,Poultry,41
88,ZRH,6/24/2018 15:25,DXB,C,Lunch,11,3,3,23,,2,13,27,,,2,,17,6,,9,,1,,,,,3,1,,0,0,0,0,2018,6,2,25,24,6,1,Red Meat,41
88,ZRH,6/24/2018 15:25,DXB,C,Lunch,11,3,3,23,,2,13,27,,,2,,17,6,,9,,1,,,,,3,1,,0,0,0,0,2018,6,2,25,24,6,1,Seafood,41
88,ZRH,6/25/2018 15:25,DXB,C,Lunch,12,2,10,28,1,2,17,35,,5,16,1,15,6,,2,,,1,5,,,2,,,0,0,0,0,2018,6,2,26,25,0,1,Poultry,54
88,ZRH,6/25/2018 15:25,DXB,C,Lunch,12,2,10,28,1,2,17,35,,5,16,1,15,6,,2,,,1,5,,,2,,,0,0,0,0,2018,6,2,26,25,0,1,Red Meat,54
88,ZRH,6/25/2018 15:25,DXB,C,Lunch,12,2,10,28,1,2,17,35,,5,16,1,15,6,,2,,,1,5,,,2,,,0,0,0,0,2018,6,2,26,25,0,1,Seafood,54
88,ZRH,6/26/2018 15:25,DXB,C,Lunch,6,1,1,20,,,16,19,,,6,,7,3,6,2,,,,,,,4,,,0,0,0,0,2018,6,2,26,26,1,1,Poultry,34
88,ZRH,6/26/2018 15:25,DXB,C,Lunch,6,1,1,20,,,16,19,,,6,,7,3,6,2,,,,,,,4,,,0,0,0,0,2018,6,2,26,26,1,1,Red Meat,34
88,ZRH,6/26/2018 15:25,DXB,C,Lunch,6,1,1,20,,,16,19,,,6,,7,3,6,2,,,,,,,4,,,0,0,0,0,2018,6,2,26,26,1,1,Seafood,34
88,ZRH,6/27/2018 15:25,DXB,C,Lunch,8,1,10,6,1,1,11,17,1,,,1,1,1,2,9,,,,,,,9,,,0,0,0,0,2018,6,2,26,27,2,1,Poultry,29
88,ZRH,6/27/2018 15:25,DXB,C,Lunch,8,1,10,6,1,1,11,17,1,,,1,1,1,2,9,,,,,,,9,,,0,0,0,0,2018,6,2,26,27,2,1,Red Meat,29
88,ZRH,6/27/2018 15:25,DXB,C,Lunch,8,1,10,6,1,1,11,17,1,,,1,1,1,2,9,,,,,,,9,,,0,0,0,0,2018,6,2,26,27,2,1,Seafood,29
88,ZRH,6/28/2018 15:25,DXB,C,Lunch,6,,9,12,3,,12,19,,3,7,,4,1,6,4,,,,4,,,1,,,0,0,0,0,2018,6,2,26,28,3,1,Poultry,31
88,ZRH,6/28/2018 15:25,DXB,C,Lunch,6,,9,12,3,,12,19,,3,7,,4,1,6,4,,,,4,,,1,,,0,0,0,0,2018,6,2,26,28,3,1,Red Meat,31
88,ZRH,6/28/2018 15:25,DXB,C,Lunch,6,,9,12,3,,12,19,,3,7,,4,1,6,4,,,,4,,,1,,,0,0,0,0,2018,6,2,26,28,3,1,Seafood,31
139,DXB,6/21/2018 8:35,PRG,C,Lunch,14,,24,15,1,,23,39,,,2,27,12,,7,1,,,,,,,5,,,0,0,0,0,2018,6,2,25,21,3,1,Poultry,62
139,DXB,6/21/2018 8:35,PRG,C,Lunch,14,,24,15,1,,23,39,,,2,27,12,,7,1,,,,,,,5,,,0,0,0,0,2018,6,2,25,21,3,1,Red Meat,62
139,DXB,6/21/2018 8:35,PRG,C,Lunch,14,,24,15,1,,23,39,,,2,27,12,,7,1,,,,,,,5,,,0,0,0,0,2018,6,2,25,21,3,1,Seafood,62
139,DXB,6/22/2018 8:35,PRG,C,Lunch,27,6,5,26,3,6,23,38,4,2,1,5,31,2,14,2,,,,,,,6,,,0,0,0,0,2018,6,2,25,22,4,1,Poultry,67
139,DXB,6/22/2018 8:35,PRG,C,Lunch,27,6,5,26,3,6,23,38,4,2,1,5,31,2,14,2,,,,,,,6,,,0,0,0,0,2018,6,2,25,22,4,1,Red Meat,67
139,DXB,6/22/2018 8:35,PRG,C,Lunch,27,6,5,26,3,6,23,38,4,2,1,5,31,2,14,2,,,,,,,6,,,0,0,0,0,2018,6,2,25,22,4,1,Seafood,67
139,DXB,6/23/2018 8:35,PRG,C,Lunch,18,6,3,54,,5,39,52,,,66,,6,,,4,,,,1,,1,3,,,0,0,0,0,2018,6,2,25,23,5,1,Poultry,95
139,DXB,6/23/2018 8:35,PRG,C,Lunch,18,6,3,54,,5,39,52,,,66,,6,,,4,,,,1,,1,3,,,0,0,0,0,2018,6,2,25,23,5,1,Red Meat,95
139,DXB,6/23/2018 8:35,PRG,C,Lunch,18,6,3,54,,5,39,52,,,66,,6,,,4,,,,1,,1,3,,,0,0,0,0,2018,6,2,25,23,5,1,Seafood,95
139,DXB,6/24/2018 8:35,PRG,C,Lunch,13,3,6,39,2,3,23,46,1,3,13,6,13,,10,1,,,,4,,2,8,,,0,0,0,0,2018,6,2,25,24,6,1,Poultry,72
139,DXB,6/24/2018 8:35,PRG,C,Lunch,13,3,6,39,2,3,23,46,1,3,13,6,13,,10,1,,,,4,,2,8,,,0,0,0,0,2018,6,2,25,24,6,1,Red Meat,72
139,DXB,6/24/2018 8:35,PRG,C,Lunch,13,3,6,39,2,3,23,46,1,3,13,6,13,,10,1,,,,4,,2,8,,,0,0,0,0,2018,6,2,25,24,6,1,Seafood,72
139,DXB,6/25/2018 8:35,PRG,C,Lunch,17,5,4,25,,5,17,30,4,4,8,,15,,4,3,,,,,,1,11,,,0,0,0,0,2018,6,2,26,25,0,1,Poultry,52
139,DXB,6/25/2018 8:35,PRG,C,Lunch,17,5,4,25,,5,17,30,4,4,8,,15,,4,3,,,,,,1,11,,,0,0,0,0,2018,6,2,26,25,0,1,Red Meat,52
139,DXB,6/25/2018 8:35,PRG,C,Lunch,17,5,4,25,,5,17,30,4,4,8,,15,,4,3,,,,,,1,11,,,0,0,0,0,2018,6,2,26,25,0,1,Seafood,52
139,DXB,6/26/2018 8:35,PRG,C,Lunch,8,,5,16,,,14,18,,5,3,,10,1,2,2,,,,,,1,4,,,0,0,0,0,2018,6,2,26,26,1,1,Poultry,32
139,DXB,6/26/2018 8:35,PRG,C,Lunch,8,,5,16,,,14,18,,5,3,,10,1,2,2,,,,,,1,4,,,0,0,0,0,2018,6,2,26,26,1,1,Red Meat,32
139,DXB,6/26/2018 8:35,PRG,C,Lunch,8,,5,16,,,14,18,,5,3,,10,1,2,2,,,,,,1,4,,,0,0,0,0,2018,6,2,26,26,1,1,Seafood,32
139,DXB,6/27/2018 8:35,PRG,C,Lunch,,,8,11,1,,8,21,,2,,,7,,1,2,,,,2,,,3,,,0,0,0,0,2018,6,2,26,27,2,1,Poultry,29
139,DXB,6/27/2018 8:35,PRG,C,Lunch,,,8,11,1,,8,21,,2,,,7,,1,2,,,,2,,,3,,,0,0,0,0,2018,6,2,26,27,2,1,Red Meat,29
139,DXB,6/27/2018 8:35,PRG,C,Lunch,,,8,11,1,,8,21,,2,,,7,,1,2,,,,2,,,3,,,0,0,0,0,2018,6,2,26,27,2,1,Seafood,29
139,DXB,6/28/2018 8:35,PRG,C,Lunch,7,1,3,7,,1,9,13,,1,,3,13,,,,,,,,,,,,,0,0,0,0,2018,6,2,26,28,3,1,Poultry,23
139,DXB,6/28/2018 8:35,PRG,C,Lunch,7,1,3,7,,1,9,13,,1,,3,13,,,,,,,,,,,,,0,0,0,0,2018,6,2,26,28,3,1,Red Meat,23
139,DXB,6/28/2018 8:35,PRG,C,Lunch,7,1,3,7,,1,9,13,,1,,3,13,,,,,,,,,,,,,0,0,0,0,2018,6,2,26,28,3,1,Seafood,23
140,PRG,6/21/2018 15:55,DXB,C,Lunch,14,2,6,24,1,1,20,28,3,2,5,3,20,,2,1,,,,,,,10,1,,0,0,0,0,2018,6,2,25,21,3,1,Poultry,48
140,PRG,6/21/2018 15:55,DXB,C,Lunch,14,2,6,24,1,1,20,28,3,2,5,3,20,,2,1,,,,,,,10,1,,0,0,0,0,2018,6,2,25,21,3,1,Red Meat,48
140,PRG,6/21/2018 15:55,DXB,C,Lunch,14,2,6,24,1,1,20,28,3,2,5,3,20,,2,1,,,,,,,10,1,,0,1,0,0,2018,6,2,25,21,3,1,Seafood,48
140,PRG,6/22/2018 15:55,DXB,C,Lunch,15,2,6,33,1,2,19,36,3,1,2,2,20,1,6,13,,2,,,,1,6,,,0,0,0,0,2018,6,2,25,22,4,1,Poultry,57
140,PRG,6/22/2018 15:55,DXB,C,Lunch,15,2,6,33,1,2,19,36,3,1,2,2,20,1,6,13,,2,,,,1,6,,,0,0,0,0,2018,6,2,25,22,4,1,Red Meat,57
140,PRG,6/22/2018 15:55,DXB,C,Lunch,15,2,6,33,1,2,19,36,3,1,2,2,20,1,6,13,,2,,,,1,6,,,0,1,0,0,2018,6,2,25,22,4,1,Seafood,57
140,PRG,6/23/2018 15:55,DXB,C,Lunch,37,,8,33,1,,30,49,,3,6,5,27,,18,5,,,,1,,,13,,,0,0,0,0,2018,6,2,25,23,5,1,Poultry,79
140,PRG,6/23/2018 15:55,DXB,C,Lunch,37,,8,33,1,,30,49,,3,6,5,27,,18,5,,,,1,,,13,,,0,0,0,0,2018,6,2,25,23,5,1,Red Meat,79
140,PRG,6/23/2018 15:55,DXB,C,Lunch,37,,8,33,1,,30,49,,3,6,5,27,,18,5,,,,1,,,13,,,0,1,0,0,2018,6,2,25,23,5,1,Seafood,79
140,PRG,6/24/2018 15:55,DXB,C,Lunch,23,1,5,21,,3,21,33,1,3,6,3,14,,9,8,,,,,,1,5,,,0,0,0,0,2018,6,2,25,24,6,1,Poultry,57
140,PRG,6/24/2018 15:55,DXB,C,Lunch,23,1,5,21,,3,21,33,1,3,6,3,14,,9,8,,,,,,1,5,,,0,0,0,0,2018,6,2,25,24,6,1,Red Meat,57
140,PRG,6/24/2018 15:55,DXB,C,Lunch,23,1,5,21,,3,21,33,1,3,6,3,14,,9,8,,,,,,1,5,,,0,1,0,0,2018,6,2,25,24,6,1,Seafood,57
140,PRG,6/25/2018 15:55,DXB,C,Lunch,14,7,9,19,3,7,13,36,2,,5,1,12,,18,3,,,,,,1,10,,,0,0,0,0,2018,6,2,26,25,0,1,Poultry,56
140,PRG,6/25/2018 15:55,DXB,C,Lunch,14,7,9,19,3,7,13,36,2,,5,1,12,,18,3,,,,,,1,10,,,0,0,0,0,2018,6,2,26,25,0,1,Red Meat,56
140,PRG,6/25/2018 15:55,DXB,C,Lunch,14,7,9,19,3,7,13,36,2,,5,1,12,,18,3,,,,,,1,10,,,0,1,0,0,2018,6,2,26,25,0,1,Seafood,56
140,PRG,6/26/2018 15:55,DXB,C,Lunch,4,2,9,11,,2,12,16,,1,,2,1,1,6,3,,,,,,,12,,,0,0,0,0,2018,6,2,26,26,1,1,Poultry,30
140,PRG,6/26/2018 15:55,DXB,C,Lunch,4,2,9,11,,2,12,16,,1,,2,1,1,6,3,,,,,,,12,,,0,0,0,0,2018,6,2,26,26,1,1,Red Meat,30
140,PRG,6/26/2018 15:55,DXB,C,Lunch,4,2,9,11,,2,12,16,,1,,2,1,1,6,3,,,,,,,12,,,0,1,0,0,2018,6,2,26,26,1,1,Seafood,30
140,PRG,6/27/2018 15:55,DXB,C,Lunch,14,3,6,13,,3,14,19,1,1,2,2,7,,4,11,,,,2,,,6,,,0,0,0,0,2018,6,2,26,27,2,1,Poultry,36
140,PRG,6/27/2018 15:55,DXB,C,Lunch,14,3,6,13,,3,14,19,1,1,2,2,7,,4,11,,,,2,,,6,,,0,0,0,0,2018,6,2,26,27,2,1,Red Meat,36
140,PRG,6/27/2018 15:55,DXB,C,Lunch,14,3,6,13,,3,14,19,1,1,2,2,7,,4,11,,,,2,,,6,,,0,1,0,0,2018,6,2,26,27,2,1,Seafood,36
140,PRG,6/28/2018 15:55,DXB,C,Lunch,7,1,4,13,2,1,10,17,,3,12,,2,,3,,,,,,,,7,,,0,0,0,0,2018,6,2,26,28,3,1,Poultry,28
140,PRG,6/28/2018 15:55,DXB,C,Lunch,7,1,4,13,2,1,10,17,,3,12,,2,,3,,,,,,,,7,,,0,0,0,0,2018,6,2,26,28,3,1,Red Meat,28
140,PRG,6/28/2018 15:55,DXB,C,Lunch,7,1,4,13,2,1,10,17,,3,12,,2,,3,,,,,,,,7,,,0,1,0,0,2018,6,2,26,28,3,1,Seafood,28
201,DXB,6/21/2018 8:30,JFK,C,Lunch,16,7,17,44,11,7,43,46,5,32,17,,7,,10,19,,,,,,,,,,0,0,0,0,2018,6,2,25,21,3,1,Pasta or Vegetarian,96
201,DXB,6/21/2018 8:30,JFK,C,Lunch,16,7,17,44,11,7,43,46,5,32,17,,7,,10,19,,,,,,,,,,0,1,0,0,2018,6,2,25,21,3,1,Poultry,96
201,DXB,6/21/2018 8:30,JFK,C,Lunch,16,7,17,44,11,7,43,46,5,32,17,,7,,10,19,,,,,,,,,,0,0,0,0,2018,6,2,25,21,3,1,Red Meat,96
201,DXB,6/22/2018 8:30,JFK,C,Lunch,27,5,10,41,14,3,41,59,11,29,17,,3,1,7,16,,,,,,1,5,,,0,0,0,0,2018,6,2,25,22,4,1,Pasta or Vegetarian,101
201,DXB,6/22/2018 8:30,JFK,C,Lunch,27,5,10,41,14,3,41,59,11,29,17,,3,1,7,16,,,,,,1,5,,,0,1,0,0,2018,6,2,25,22,4,1,Poultry,101
201,DXB,6/22/2018 8:30,JFK,C,Lunch,27,5,10,41,14,3,41,59,11,29,17,,3,1,7,16,,,,,,1,5,,,0,0,0,0,2018,6,2,25,22,4,1,Red Meat,101
201,DXB,6/23/2018 8:30,JFK,C,Lunch,39,5,5,31,7,6,28,61,2,13,18,,6,1,6,25,,,,,,,14,,,0,0,0,0,2018,6,2,25,23,5,1,Pasta or Vegetarian,95
201,DXB,6/23/2018 8:30,JFK,C,Lunch,39,5,5,31,7,6,28,61,2,13,18,,6,1,6,25,,,,,,,14,,,0,1,0,0,2018,6,2,25,23,5,1,Poultry,95
201,DXB,6/23/2018 8:30,JFK,C,Lunch,39,5,5,31,7,6,28,61,2,13,18,,6,1,6,25,,,,,,,14,,,0,0,0,0,2018,6,2,25,23,5,1,Red Meat,95
201,DXB,6/24/2018 8:30,JFK,C,Lunch,29,4,7,45,8,3,25,73,1,32,13,,10,,4,15,2,,1,,,3,7,1,,0,0,0,0,2018,6,2,25,24,6,1,Pasta or Vegetarian,100
201,DXB,6/24/2018 8:30,JFK,C,Lunch,29,4,7,45,8,3,25,73,1,32,13,,10,,4,15,2,,1,,,3,7,1,,0,1,0,0,2018,6,2,25,24,6,1,Poultry,100
201,DXB,6/24/2018 8:30,JFK,C,Lunch,29,4,7,45,8,3,25,73,1,32,13,,10,,4,15,2,,1,,,3,7,1,,0,0,0,0,2018,6,2,25,24,6,1,Red Meat,100
201,DXB,6/25/2018 8:30,JFK,C,Lunch,24,9,8,40,8,9,31,57,9,37,4,,6,1,11,12,,,1,,,,1,2,,0,0,0,0,2018,6,2,26,25,0,1,Pasta or Vegetarian,95
201,DXB,6/25/2018 8:30,JFK,C,Lunch,24,9,8,40,8,9,31,57,9,37,4,,6,1,11,12,,,1,,,,1,2,,0,1,0,0,2018,6,2,26,25,0,1,Poultry,95
201,DXB,6/25/2018 8:30,JFK,C,Lunch,24,9,8,40,8,9,31,57,9,37,4,,6,1,11,12,,,1,,,,1,2,,0,0,0,0,2018,6,2,26,25,0,1,Red Meat,95
201,DXB,6/26/2018 8:30,JFK,C,Lunch,19,7,13,34,6,7,40,44,11,20,6,,8,,5,13,3,,,,,,1,,,0,0,0,0,2018,6,2,26,26,1,1,Pasta or Vegetarian,91
201,DXB,6/26/2018 8:30,JFK,C,Lunch,19,7,13,34,6,7,40,44,11,20,6,,8,,5,13,3,,,,,,1,,,0,1,0,0,2018,6,2,26,26,1,1,Poultry,91
201,DXB,6/26/2018 8:30,JFK,C,Lunch,19,7,13,34,6,7,40,44,11,20,6,,8,,5,13,3,,,,,,1,,,0,0,0,0,2018,6,2,26,26,1,1,Red Meat,91
201,DXB,6/27/2018 8:30,JFK,C,Lunch,10,4,16,22,5,3,27,32,2,12,5,,1,,7,9,,,,1,,,5,1,,0,0,0,0,2018,6,2,26,27,2,1,Pasta or Vegetarian,61
201,DXB,6/27/2018 8:30,JFK,C,Lunch,10,4,16,22,5,3,27,32,2,12,5,,1,,7,9,,,,1,,,5,1,,0,1,0,0,2018,6,2,26,27,2,1,Poultry,61
201,DXB,6/27/2018 8:30,JFK,C,Lunch,10,4,16,22,5,3,27,32,2,12,5,,1,,7,9,,,,1,,,5,1,,0,0,0,0,2018,6,2,26,27,2,1,Red Meat,61
201,DXB,6/28/2018 8:30,JFK,C,Lunch,12,4,10,28,8,3,26,33,3,29,3,,2,,,13,,,,,,,3,,,0,0,0,0,2018,6,2,26,28,3,1,Pasta or Vegetarian,61
201,DXB,6/28/2018 8:30,JFK,C,Lunch,12,4,10,28,8,3,26,33,3,29,3,,2,,,13,,,,,,,3,,,0,1,0,0,2018,6,2,26,28,3,1,Poultry,61
201,DXB,6/28/2018 8:30,JFK,C,Lunch,12,4,10,28,8,3,26,33,3,29,3,,2,,,13,,,,,,,3,,,0,0,0,0,2018,6,2,26,28,3,1,Red Meat,61
202,JFK,6/21/2018 23:00,DXB,C,Lunch,26,,19,35,3,,31,54,6,15,6,,6,,6,38,,,,,,1,4,,,0,0,1,0,2018,6,2,25,21,3,1,Poultry,85
202,JFK,6/21/2018 23:00,DXB,C,Lunch,26,,19,35,3,,31,54,6,15,6,,6,,6,38,,,,,,1,4,,,0,1,0,0,2018,6,2,25,21,3,1,Red Meat,85
202,JFK,6/21/2018 23:00,DXB,C,Lunch,26,,19,35,3,,31,54,6,15,6,,6,,6,38,,,,,,1,4,,,1,0,0,0,2018,6,2,25,21,3,1,Seafood,85
202,JFK,6/22/2018 23:00,DXB,C,Lunch,22,3,7,52,7,5,31,61,1,30,6,1,6,,3,37,1,,,,,1,2,1,,0,0,1,0,2018,6,2,25,22,4,1,Poultry,97
202,JFK,6/22/2018 23:00,DXB,C,Lunch,22,3,7,52,7,5,31,61,1,30,6,1,6,,3,37,1,,,,,1,2,1,,0,1,0,0,2018,6,2,25,22,4,1,Red Meat,97
202,JFK,6/22/2018 23:00,DXB,C,Lunch,22,3,7,52,7,5,31,61,1,30,6,1,6,,3,37,1,,,,,1,2,1,,1,0,0,0,2018,6,2,25,22,4,1,Seafood,97
202,JFK,6/23/2018 23:00,DXB,C,Lunch,30,4,6,35,1,2,25,49,8,24,8,,3,,5,25,,,,,,1,,,,0,0,1,0,2018,6,2,25,23,5,1,Poultry,74
202,JFK,6/23/2018 23:00,DXB,C,Lunch,30,4,6,35,1,2,25,49,8,24,8,,3,,5,25,,,,,,1,,,,0,1,0,0,2018,6,2,25,23,5,1,Red Meat,74
202,JFK,6/23/2018 23:00,DXB,C,Lunch,30,4,6,35,1,2,25,49,8,24,8,,3,,5,25,,,,,,1,,,,1,0,0,0,2018,6,2,25,23,5,1,Seafood,74
202,JFK,6/24/2018 23:00,DXB,C,Lunch,21,4,4,46,5,3,26,51,1,30,5,,8,,6,26,2,,,,,,,,,0,0,1,0,2018,6,2,25,24,6,1,Poultry,79
202,JFK,6/24/2018 23:00,DXB,C,Lunch,21,4,4,46,5,3,26,51,1,30,5,,8,,6,26,2,,,,,,,,,0,1,0,0,2018,6,2,25,24,6,1,Red Meat,79
202,JFK,6/24/2018 23:00,DXB,C,Lunch,21,4,4,46,5,3,26,51,1,30,5,,8,,6,26,2,,,,,,,,,1,0,0,0,2018,6,2,25,24,6,1,Seafood,79
202,JFK,6/25/2018 23:00,DXB,C,Lunch,16,7,16,38,1,7,26,46,7,18,17,,6,1,2,25,,,,,,,,,,0,0,1,0,2018,6,2,26,25,0,1,Poultry,79
202,JFK,6/25/2018 23:00,DXB,C,Lunch,16,7,16,38,1,7,26,46,7,18,17,,6,1,2,25,,,,,,,,,,0,1,0,0,2018,6,2,26,25,0,1,Red Meat,79
202,JFK,6/25/2018 23:00,DXB,C,Lunch,16,7,16,38,1,7,26,46,7,18,17,,6,1,2,25,,,,,,,,,,1,0,0,0,2018,6,2,26,25,0,1,Seafood,79
202,JFK,6/26/2018 23:00,DXB,C,Lunch,8,7,9,37,5,7,23,37,4,11,5,,4,,,29,5,2,,,,,,,,0,0,1,0,2018,6,2,26,26,1,1,Poultry,67
202,JFK,6/26/2018 23:00,DXB,C,Lunch,8,7,9,37,5,7,23,37,4,11,5,,4,,,29,5,2,,,,,,,,0,1,0,0,2018,6,2,26,26,1,1,Red Meat,67
202,JFK,6/26/2018 23:00,DXB,C,Lunch,8,7,9,37,5,7,23,37,4,11,5,,4,,,29,5,2,,,,,,,,1,0,0,0,2018,6,2,26,26,1,1,Seafood,67
202,JFK,6/27/2018 23:00,DXB,C,Lunch,18,2,9,34,2,2,30,35,2,11,6,,6,,3,26,,,,,,,1,,,0,0,1,0,2018,6,2,26,27,2,1,Poultry,67
202,JFK,6/27/2018 23:00,DXB,C,Lunch,18,2,9,34,2,2,30,35,2,11,6,,6,,3,26,,,,,,,1,,,0,1,0,0,2018,6,2,26,27,2,1,Red Meat,67
202,JFK,6/27/2018 23:00,DXB,C,Lunch,18,2,9,34,2,2,30,35,2,11,6,,6,,3,26,,,,,,,1,,,1,0,0,0,2018,6,2,26,27,2,1,Seafood,67
307,PEK,6/21/2018 0:40,DXB,A,Dinner,12,4,6,31,1,4,17,33,6,2,1,30,9,3,,1,,,1,1,,,,,,0,0,0,1,2018,6,2,25,21,3,1,Poultry,54
307,PEK,6/21/2018 0:40,DXB,A,Dinner,12,4,6,31,1,4,17,33,6,2,1,30,9,3,,1,,,1,1,,,,,,0,1,0,0,2018,6,2,25,21,3,1,Red Meat,54
307,PEK,6/21/2018 0:40,DXB,A,Dinner,12,4,6,31,1,4,17,33,6,2,1,30,9,3,,1,,,1,1,,,,,,0,1,0,0,2018,6,2,25,21,3,1,Seafood,54
307,PEK,6/22/2018 0:40,DXB,A,Dinner,24,2,8,53,,2,8,81,11,2,1,42,13,8,6,,,,4,,,,,,,0,0,0,1,2018,6,2,25,22,4,1,Poultry,91
307,PEK,6/22/2018 0:40,DXB,A,Dinner,24,2,8,53,,2,8,81,11,2,1,42,13,8,6,,,,4,,,,,,,0,1,0,0,2018,6,2,25,22,4,1,Red Meat,91
307,PEK,6/22/2018 0:40,DXB,A,Dinner,24,2,8,53,,2,8,81,11,2,1,42,13,8,6,,,,4,,,,,,,0,1,0,0,2018,6,2,25,22,4,1,Seafood,91
307,PEK,6/23/2018 0:40,DXB,A,Dinner,22,4,8,52,,3,18,69,8,7,3,34,15,5,7,1,,,3,1,,1,1,,,0,0,0,1,2018,6,2,25,23,5,1,Poultry,89
307,PEK,6/23/2018 0:40,DXB,A,Dinner,22,4,8,52,,3,18,69,8,7,3,34,15,5,7,1,,,3,1,,1,1,,,0,1,0,0,2018,6,2,25,23,5,1,Red Meat,89
307,PEK,6/23/2018 0:40,DXB,A,Dinner,22,4,8,52,,3,18,69,8,7,3,34,15,5,7,1,,,3,1,,1,1,,,0,1,0,0,2018,6,2,25,23,5,1,Seafood,89
307,PEK,6/24/2018 0:40,DXB,A,Dinner,22,2,4,57,,2,17,75,8,4,,65,5,,,1,,,1,,,,1,,,0,0,0,1,2018,6,2,25,24,6,1,Poultry,94
307,PEK,6/24/2018 0:40,DXB,A,Dinner,22,2,4,57,,2,17,75,8,4,,65,5,,,1,,,1,,,,1,,,0,1,0,0,2018,6,2,25,24,6,1,Red Meat,94
307,PEK,6/24/2018 0:40,DXB,A,Dinner,22,2,4,57,,2,17,75,8,4,,65,5,,,1,,,1,,,,1,,,0,1,0,0,2018,6,2,25,24,6,1,Seafood,94
307,PEK,6/25/2018 0:40,DXB,A,Dinner,27,4,6,45,1,4,13,70,8,1,2,48,7,,12,1,,,1,,2,,1,,,0,0,0,1,2018,6,2,26,25,0,1,Poultry,87
307,PEK,6/25/2018 0:40,DXB,A,Dinner,27,4,6,45,1,4,13,70,8,1,2,48,7,,12,1,,,1,,2,,1,,,0,1,0,0,2018,6,2,26,25,0,1,Red Meat,87
307,PEK,6/25/2018 0:40,DXB,A,Dinner,27,4,6,45,1,4,13,70,8,1,2,48,7,,12,1,,,1,,2,,1,,,0,1,0,0,2018,6,2,26,25,0,1,Seafood,87
307,PEK,6/26/2018 0:40,DXB,A,Dinner,17,1,7,53,1,1,21,60,10,4,3,47,1,,5,,,,,,,8,1,,,0,0,0,1,2018,6,2,26,26,1,1,Poultry,82
307,PEK,6/26/2018 0:40,DXB,A,Dinner,17,1,7,53,1,1,21,60,10,4,3,47,1,,5,,,,,,,8,1,,,0,1,0,0,2018,6,2,26,26,1,1,Red Meat,82
307,PEK,6/26/2018 0:40,DXB,A,Dinner,17,1,7,53,1,1,21,60,10,4,3,47,1,,5,,,,,,,8,1,,,0,1,0,0,2018,6,2,26,26,1,1,Seafood,82
307,PEK,6/27/2018 0:40,DXB,A,Dinner,15,,4,24,,,12,36,8,7,1,16,5,,,,,,,,2,4,,,,0,0,0,1,2018,6,2,26,27,2,1,Poultry,48
307,PEK,6/27/2018 0:40,DXB,A,Dinner,15,,4,24,,,12,36,8,7,1,16,5,,,,,,,,2,4,,,,0,1,0,0,2018,6,2,26,27,2,1,Red Meat,48
307,PEK,6/27/2018 0:40,DXB,A,Dinner,15,,4,24,,,12,36,8,7,1,16,5,,,,,,,,2,4,,,,0,1,0,0,2018,6,2,26,27,2,1,Seafood,48
307,PEK,6/28/2018 0:40,DXB,A,Dinner,16,2,8,38,,2,16,50,10,1,3,21,9,5,4,,,,3,,,5,1,,,0,0,0,1,2018,6,2,26,28,3,1,Poultry,68
307,PEK,6/28/2018 0:40,DXB,A,Dinner,16,2,8,38,,2,16,50,10,1,3,21,9,5,4,,,,3,,,5,1,,,0,1,0,0,2018,6,2,26,28,3,1,Red Meat,68
307,PEK,6/28/2018 0:40,DXB,A,Dinner,16,2,8,38,,2,16,50,10,1,3,21,9,5,4,,,,3,,,5,1,,,0,1,0,0,2018,6,2,26,28,3,1,Seafood,68
307,PEK,6/29/2018 0:40,DXB,A,Dinner,16,,9,38,,,12,52,12,1,4,22,12,6,4,,,,2,,,,,,,0,0,0,1,2018,6,2,26,29,4,1,Poultry,64
307,PEK,6/29/2018 0:40,DXB,A,Dinner,16,,9,38,,,12,52,12,1,4,22,12,6,4,,,,2,,,,,,,0,1,0,0,2018,6,2,26,29,4,1,Red Meat,64
307,PEK,6/29/2018 0:40,DXB,A,Dinner,16,,9,38,,,12,52,12,1,4,22,12,6,4,,,,2,,,,,,,0,1,0,0,2018,6,2,26,29,4,1,Seafood,64
405,MEL,6/21/2018 18:00,SIN,A,Lunch,19,5,17,41,3,5,42,40,1,1,7,,10,1,,,,1,3,,,,59,,,0,1,0,0,2018,6,2,25,21,3,1,Poultry,87
405,MEL,6/21/2018 18:00,SIN,A,Lunch,19,5,17,41,3,5,42,40,1,1,7,,10,1,,,,1,3,,,,59,,,0,0,0,0,2018,6,2,25,21,3,1,Red Meat,87
405,MEL,6/21/2018 18:00,SIN,A,Lunch,19,5,17,41,3,5,42,40,1,1,7,,10,1,,,,1,3,,,,59,,,0,1,0,0,2018,6,2,25,21,3,1,Seafood,87
405,MEL,6/22/2018 18:00,SIN,A,Lunch,12,7,19,33,9,7,34,39,,,6,,7,3,1,,,,,,,,63,,,0,1,0,0,2018,6,2,25,22,4,1,Poultry,80
405,MEL,6/22/2018 18:00,SIN,A,Lunch,12,7,19,33,9,7,34,39,,,6,,7,3,1,,,,,,,,63,,,0,0,0,0,2018,6,2,25,22,4,1,Red Meat,80
405,MEL,6/22/2018 18:00,SIN,A,Lunch,12,7,19,33,9,7,34,39,,,6,,7,3,1,,,,,,,,63,,,0,1,0,0,2018,6,2,25,22,4,1,Seafood,80
405,MEL,6/23/2018 18:00,SIN,A,Lunch,9,11,16,36,7,10,33,37,,,8,,8,,,,,,,,,,63,,,0,1,0,0,2018,6,2,25,23,5,1,Poultry,79
405,MEL,6/23/2018 18:00,SIN,A,Lunch,9,11,16,36,7,10,33,37,,,8,,8,,,,,,,,,,63,,,0,0,0,0,2018,6,2,25,23,5,1,Red Meat,79
405,MEL,6/23/2018 18:00,SIN,A,Lunch,9,11,16,36,7,10,33,37,,,8,,8,,,,,,,,,,63,,,0,1,0,0,2018,6,2,25,23,5,1,Seafood,79
405,MEL,6/24/2018 18:00,SIN,A,Lunch,15,5,15,40,7,4,32,53,,2,11,1,4,,1,,,2,,,,1,60,,,0,1,0,0,2018,6,2,25,24,6,1,Poultry,88
405,MEL,6/24/2018 18:00,SIN,A,Lunch,15,5,15,40,7,4,32,53,,2,11,1,4,,1,,,2,,,,1,60,,,0,0,0,0,2018,6,2,25,24,6,1,Red Meat,88
405,MEL,6/24/2018 18:00,SIN,A,Lunch,15,5,15,40,7,4,32,53,,2,11,1,4,,1,,,2,,,,1,60,,,0,1,0,0,2018,6,2,25,24,6,1,Seafood,88
405,MEL,6/25/2018 18:00,SIN,A,Lunch,20,4,28,31,3,4,37,57,,2,8,,10,1,,,,,1,,,,64,,,0,1,0,0,2018,6,2,26,25,0,1,Poultry,98
405,MEL,6/25/2018 18:00,SIN,A,Lunch,20,4,28,31,3,4,37,57,,2,8,,10,1,,,,,1,,,,64,,,0,0,0,0,2018,6,2,26,25,0,1,Red Meat,98
405,MEL,6/25/2018 18:00,SIN,A,Lunch,20,4,28,31,3,4,37,57,,2,8,,10,1,,,,,1,,,,64,,,0,1,0,0,2018,6,2,26,25,0,1,Seafood,98
405,MEL,6/26/2018 18:00,SIN,A,Lunch,5,2,12,23,2,6,28,30,,,4,,6,1,,,,,1,,,,27,,,0,1,0,0,2018,6,2,26,26,1,1,Poultry,64
405,MEL,6/26/2018 18:00,SIN,A,Lunch,5,2,12,23,2,6,28,30,,,4,,6,1,,,,,1,,,,27,,,0,0,0,0,2018,6,2,26,26,1,1,Red Meat,64
405,MEL,6/26/2018 18:00,SIN,A,Lunch,5,2,12,23,2,6,28,30,,,4,,6,1,,,,,1,,,,27,,,0,1,0,0,2018,6,2,26,26,1,1,Seafood,64
405,MEL,6/27/2018 18:00,SIN,A,Lunch,1,1,17,19,1,1,22,32,,,1,,6,,,,1,,,,,,27,,,0,1,0,0,2018,6,2,26,27,2,1,Poultry,55
405,MEL,6/27/2018 18:00,SIN,A,Lunch,1,1,17,19,1,1,22,32,,,1,,6,,,,1,,,,,,27,,,0,0,0,0,2018,6,2,26,27,2,1,Red Meat,55
405,MEL,6/27/2018 18:00,SIN,A,Lunch,1,1,17,19,1,1,22,32,,,1,,6,,,,1,,,,,,27,,,0,1,0,0,2018,6,2,26,27,2,1,Seafood,55
405,MEL,6/28/2018 18:00,SIN,A,Lunch,11,3,10,15,1,4,26,26,,,4,,9,1,,1,,,1,,,,20,,,0,1,0,0,2018,6,2,26,28,3,1,Poultry,55
405,MEL,6/28/2018 18:00,SIN,A,Lunch,11,3,10,15,1,4,26,26,,,4,,9,1,,1,,,1,,,,20,,,0,0,0,0,2018,6,2,26,28,3,1,Red Meat,55
405,MEL,6/28/2018 18:00,SIN,A,Lunch,11,3,10,15,1,4,26,26,,,4,,9,1,,1,,,1,,,,20,,,0,1,0,0,2018,6,2,26,28,3,1,Seafood,55
406,DXB,6/21/2018 10:15,MEL,C,Lunch,14,1,33,29,,,32,46,2,1,1,,7,,1,1,,,,,,,64,,,0,1,0,0,2018,6,2,25,21,3,1,Poultry,78
406,DXB,6/21/2018 10:15,MEL,C,Lunch,14,1,33,29,,,32,46,2,1,1,,7,,1,1,,,,,,,64,,,0,0,0,0,2018,6,2,25,21,3,1,Red Meat,78
406,DXB,6/21/2018 10:15,MEL,C,Lunch,14,1,33,29,,,32,46,2,1,1,,7,,1,1,,,,,,,64,,,0,1,0,0,2018,6,2,25,21,3,1,Seafood,78
406,DXB,6/22/2018 10:15,MEL,C,Lunch,15,3,18,47,1,,42,46,,,2,,3,,,3,,,1,,,,75,,,0,1,0,0,2018,6,2,25,22,4,1,Poultry,85
406,DXB,6/22/2018 10:15,MEL,C,Lunch,15,3,18,47,1,,42,46,,,2,,3,,,3,,,1,,,,75,,,0,0,0,0,2018,6,2,25,22,4,1,Red Meat,85
406,DXB,6/22/2018 10:15,MEL,C,Lunch,15,3,18,47,1,,42,46,,,2,,3,,,3,,,1,,,,75,,,0,1,0,0,2018,6,2,25,22,4,1,Seafood,85
406,DXB,6/23/2018 10:15,MEL,C,Lunch,12,,28,44,,,35,51,,3,1,,11,3,,2,,,,,,,64,,,0,1,0,0,2018,6,2,25,23,5,1,Poultry,86
406,DXB,6/23/2018 10:15,MEL,C,Lunch,12,,28,44,,,35,51,,3,1,,11,3,,2,,,,,,,64,,,0,0,0,0,2018,6,2,25,23,5,1,Red Meat,86
406,DXB,6/23/2018 10:15,MEL,C,Lunch,12,,28,44,,,35,51,,3,1,,11,3,,2,,,,,,,64,,,0,1,0,0,2018,6,2,25,23,5,1,Seafood,86
406,DXB,6/24/2018 10:15,MEL,C,Lunch,15,,28,44,,,32,57,1,,1,,11,,,,,,,,,,72,,,0,1,0,0,2018,6,2,25,24,6,1,Poultry,89
406,DXB,6/24/2018 10:15,MEL,C,Lunch,15,,28,44,,,32,57,1,,1,,11,,,,,,,,,,72,,,0,0,0,0,2018,6,2,25,24,6,1,Red Meat,89
406,DXB,6/24/2018 10:15,MEL,C,Lunch,15,,28,44,,,32,57,1,,1,,11,,,,,,,,,,72,,,0,1,0,0,2018,6,2,25,24,6,1,Seafood,89
406,DXB,6/25/2018 10:15,MEL,C,Lunch,9,1,24,31,1,1,32,36,,,,,12,2,,,,,,,,,52,,,0,1,0,0,2018,6,2,26,25,0,1,Poultry,69
406,DXB,6/25/2018 10:15,MEL,C,Lunch,9,1,24,31,1,1,32,36,,,,,12,2,,,,,,,,,52,,,0,0,0,0,2018,6,2,26,25,0,1,Red Meat,69
406,DXB,6/25/2018 10:15,MEL,C,Lunch,9,1,24,31,1,1,32,36,,,,,12,2,,,,,,,,,52,,,0,1,0,0,2018,6,2,26,25,0,1,Seafood,69
406,DXB,6/26/2018 10:15,MEL,C,Lunch,3,,33,22,,,32,28,,1,1,,2,2,,,,,,,,,50,,,0,1,0,0,2018,6,2,26,26,1,1,Poultry,60
406,DXB,6/26/2018 10:15,MEL,C,Lunch,3,,33,22,,,32,28,,1,1,,2,2,,,,,,,,,50,,,0,0,0,0,2018,6,2,26,26,1,1,Red Meat,60
406,DXB,6/26/2018 10:15,MEL,C,Lunch,3,,33,22,,,32,28,,1,1,,2,2,,,,,,,,,50,,,0,1,0,0,2018,6,2,26,26,1,1,Seafood,60
406,DXB,6/27/2018 10:15,MEL,C,Lunch,8,,27,14,,,29,20,,,2,,4,,,,,,,,,,42,,,0,1,0,0,2018,6,2,26,27,2,1,Poultry,49
406,DXB,6/27/2018 10:15,MEL,C,Lunch,8,,27,14,,,29,20,,,2,,4,,,,,,,,,,42,,,0,0,0,0,2018,6,2,26,27,2,1,Red Meat,49
406,DXB,6/27/2018 10:15,MEL,C,Lunch,8,,27,14,,,29,20,,,2,,4,,,,,,,,,,42,,,0,1,0,0,2018,6,2,26,27,2,1,Seafood,49
406,DXB,6/28/2018 10:15,MEL,C,Lunch,17,2,22,25,,,27,42,1,1,1,,6,1,1,,,,,,,,53,,,0,1,0,0,2018,6,2,26,28,3,1,Poultry,67
406,DXB,6/28/2018 10:15,MEL,C,Lunch,17,2,22,25,,,27,42,1,1,1,,6,1,1,,,,,,,,53,,,0,0,0,0,2018,6,2,26,28,3,1,Red Meat,67
406,DXB,6/28/2018 10:15,MEL,C,Lunch,17,2,22,25,,,27,42,1,1,1,,6,1,1,,,,,,,,53,,,0,1,0,0,2018,6,2,26,28,3,1,Seafood,67
407,MEL,6/21/2018 21:25,DXB,A,Dinner,11,5,26,27,12,5,39,39,,1,,,9,1,4,1,,,1,,,,63,,,0,1,0,0,2018,6,2,25,21,3,1,Poultry,83
407,MEL,6/21/2018 21:25,DXB,A,Dinner,11,5,26,27,12,5,39,39,,1,,,9,1,4,1,,,1,,,,63,,,0,0,0,0,2018,6,2,25,21,3,1,Red Meat,83
407,MEL,6/21/2018 21:25,DXB,A,Dinner,11,5,26,27,12,5,39,39,,1,,,9,1,4,1,,,1,,,,63,,,0,1,0,0,2018,6,2,25,21,3,1,Seafood,83
407,MEL,6/22/2018 21:25,DXB,A,Dinner,7,8,18,29,16,8,37,33,,1,1,,4,,,,,,,,,1,71,,,0,1,0,0,2018,6,2,25,22,4,1,Poultry,78
407,MEL,6/22/2018 21:25,DXB,A,Dinner,7,8,18,29,16,8,37,33,,1,1,,4,,,,,,,,,1,71,,,0,0,0,0,2018,6,2,25,22,4,1,Red Meat,78
407,MEL,6/22/2018 21:25,DXB,A,Dinner,7,8,18,29,16,8,37,33,,1,1,,4,,,,,,,,,1,71,,,0,1,0,0,2018,6,2,25,22,4,1,Seafood,78
407,MEL,6/23/2018 21:25,DXB,A,Dinner,5,2,16,45,10,2,38,42,1,1,,,3,,1,,,,3,,,,69,,,0,1,0,0,2018,6,2,25,23,5,1,Poultry,82
407,MEL,6/23/2018 21:25,DXB,A,Dinner,5,2,16,45,10,2,38,42,1,1,,,3,,1,,,,3,,,,69,,,0,0,0,0,2018,6,2,25,23,5,1,Red Meat,82
407,MEL,6/23/2018 21:25,DXB,A,Dinner,5,2,16,45,10,2,38,42,1,1,,,3,,1,,,,3,,,,69,,,0,1,0,0,2018,6,2,25,23,5,1,Seafood,82
407,MEL,6/24/2018 21:25,DXB,A,Dinner,17,3,20,38,6,3,39,42,,7,,,4,,,,,2,1,,,,70,,,0,1,0,0,2018,6,2,25,24,6,1,Poultry,84
407,MEL,6/24/2018 21:25,DXB,A,Dinner,17,3,20,38,6,3,39,42,,7,,,4,,,,,2,1,,,,70,,,0,0,0,0,2018,6,2,25,24,6,1,Red Meat,84
407,MEL,6/24/2018 21:25,DXB,A,Dinner,17,3,20,38,6,3,39,42,,7,,,4,,,,,2,1,,,,70,,,0,1,0,0,2018,6,2,25,24,6,1,Seafood,84
407,MEL,6/25/2018 21:25,DXB,A,Dinner,15,1,22,32,,,36,35,,1,1,,4,1,3,1,,,1,,,,57,,,0,1,0,0,2018,6,2,26,25,0,1,Poultry,70
407,MEL,6/25/2018 21:25,DXB,A,Dinner,15,1,22,32,,,36,35,,1,1,,4,1,3,1,,,1,,,,57,,,0,0,0,0,2018,6,2,26,25,0,1,Red Meat,70
407,MEL,6/25/2018 21:25,DXB,A,Dinner,15,1,22,32,,,36,35,,1,1,,4,1,3,1,,,1,,,,57,,,0,1,0,0,2018,6,2,26,25,0,1,Seafood,70
407,MEL,6/26/2018 21:25,DXB,A,Dinner,10,,20,16,1,1,30,35,,2,,,8,1,,,,,,,,,28,,,0,1,0,0,2018,6,2,26,26,1,1,Poultry,66
407,MEL,6/26/2018 21:25,DXB,A,Dinner,10,,20,16,1,1,30,35,,2,,,8,1,,,,,,,,,28,,,0,0,0,0,2018,6,2,26,26,1,1,Red Meat,66
407,MEL,6/26/2018 21:25,DXB,A,Dinner,10,,20,16,1,1,30,35,,2,,,8,1,,,,,,,,,28,,,0,1,0,0,2018,6,2,26,26,1,1,Seafood,66
407,MEL,6/27/2018 21:25,DXB,A,Dinner,9,1,17,29,1,1,34,44,,,,,11,,,,,,,,,,43,,,0,1,0,0,2018,6,2,26,27,2,1,Poultry,79
407,MEL,6/27/2018 21:25,DXB,A,Dinner,9,1,17,29,1,1,34,44,,,,,11,,,,,,,,,,43,,,0,0,0,0,2018,6,2,26,27,2,1,Red Meat,79
407,MEL,6/27/2018 21:25,DXB,A,Dinner,9,1,17,29,1,1,34,44,,,,,11,,,,,,,,,,43,,,0,1,0,0,2018,6,2,26,27,2,1,Seafood,79
407,MEL,6/28/2018 21:25,DXB,A,Dinner,8,4,16,23,2,4,30,41,,1,1,,8,1,,,,,1,,,,31,,,0,1,0,0,2018,6,2,26,28,3,1,Poultry,75
407,MEL,6/28/2018 21:25,DXB,A,Dinner,8,4,16,23,2,4,30,41,,1,1,,8,1,,,,,1,,,,31,,,0,0,0,0,2018,6,2,26,28,3,1,Red Meat,75
407,MEL,6/28/2018 21:25,DXB,A,Dinner,8,4,16,23,2,4,30,41,,1,1,,8,1,,,,,1,,,,31,,,0,1,0,0,2018,6,2,26,28,3,1,Seafood,75
704,MRU,6/21/2018 21:50,DXB,C,Dinner,13,,6,45,1,,15,56,4,2,9,,31,4,3,,,1,2,,3,1,3,2,,0,0,0,0,2018,6,2,25,21,3,1,Poultry,71
704,MRU,6/21/2018 21:50,DXB,C,Dinner,13,,6,45,1,,15,56,4,2,9,,31,4,3,,,1,2,,3,1,3,2,,0,0,0,0,2018,6,2,25,21,3,1,Red Meat,71
704,MRU,6/21/2018 21:50,DXB,C,Dinner,13,,6,45,1,,15,56,4,2,9,,31,4,3,,,1,2,,3,1,3,2,,0,0,0,0,2018,6,2,25,21,3,1,Seafood,71
704,MRU,6/22/2018 21:50,DXB,C,Dinner,7,2,6,41,1,2,13,42,7,6,,,24,4,2,,1,,,5,7,1,,,,0,0,0,0,2018,6,2,25,22,4,1,Poultry,57
704,MRU,6/22/2018 21:50,DXB,C,Dinner,7,2,6,41,1,2,13,42,7,6,,,24,4,2,,1,,,5,7,1,,,,0,0,0,0,2018,6,2,25,22,4,1,Red Meat,57
704,MRU,6/22/2018 21:50,DXB,C,Dinner,7,2,6,41,1,2,13,42,7,6,,,24,4,2,,1,,,5,7,1,,,,0,0,0,0,2018,6,2,25,22,4,1,Seafood,57
704,MRU,6/23/2018 21:50,DXB,C,Dinner,14,1,7,35,2,1,19,39,8,3,,,27,3,,2,,,,,10,5,,1,,0,0,0,0,2018,6,2,25,23,5,1,Poultry,59
704,MRU,6/23/2018 21:50,DXB,C,Dinner,14,1,7,35,2,1,19,39,8,3,,,27,3,,2,,,,,10,5,,1,,0,0,0,0,2018,6,2,25,23,5,1,Red Meat,59
704,MRU,6/23/2018 21:50,DXB,C,Dinner,14,1,7,35,2,1,19,39,8,3,,,27,3,,2,,,,,10,5,,1,,0,0,0,0,2018,6,2,25,23,5,1,Seafood,59
704,MRU,6/24/2018 21:50,DXB,C,Dinner,10,2,3,24,1,2,15,23,2,1,3,,26,2,,,,,,,6,,,,,0,0,0,0,2018,6,2,25,24,6,1,Poultry,40
704,MRU,6/24/2018 21:50,DXB,C,Dinner,10,2,3,24,1,2,15,23,2,1,3,,26,2,,,,,,,6,,,,,0,0,0,0,2018,6,2,25,24,6,1,Red Meat,40
704,MRU,6/24/2018 21:50,DXB,C,Dinner,10,2,3,24,1,2,15,23,2,1,3,,26,2,,,,,,,6,,,,,0,0,0,0,2018,6,2,25,24,6,1,Seafood,40
704,MRU,6/25/2018 21:50,DXB,C,Dinner,18,2,8,17,,2,10,34,1,4,1,,20,3,,4,,,4,,7,,1,,,0,0,0,0,2018,6,2,26,25,0,1,Poultry,46
704,MRU,6/25/2018 21:50,DXB,C,Dinner,18,2,8,17,,2,10,34,1,4,1,,20,3,,4,,,4,,7,,1,,,0,0,0,0,2018,6,2,26,25,0,1,Red Meat,46
704,MRU,6/25/2018 21:50,DXB,C,Dinner,18,2,8,17,,2,10,34,1,4,1,,20,3,,4,,,4,,7,,1,,,0,0,0,0,2018,6,2,26,25,0,1,Seafood,46
704,MRU,6/26/2018 21:50,DXB,C,Dinner,9,2,5,9,,8,14,21,1,3,1,,16,,,1,,,,,2,,1,,,0,0,0,0,2018,6,2,26,26,1,1,Poultry,43
704,MRU,6/26/2018 21:50,DXB,C,Dinner,9,2,5,9,,8,14,21,1,3,1,,16,,,1,,,,,2,,1,,,0,0,0,0,2018,6,2,26,26,1,1,Red Meat,43
704,MRU,6/26/2018 21:50,DXB,C,Dinner,9,2,5,9,,8,14,21,1,3,1,,16,,,1,,,,,2,,1,,,0,0,0,0,2018,6,2,26,26,1,1,Seafood,43
704,MRU,6/27/2018 21:50,DXB,C,Dinner,10,2,2,8,1,2,8,17,,,2,,16,2,,1,,,,,1,1,,,,0,0,0,0,2018,6,2,26,27,2,1,Poultry,27
704,MRU,6/27/2018 21:50,DXB,C,Dinner,10,2,2,8,1,2,8,17,,,2,,16,2,,1,,,,,1,1,,,,0,0,0,0,2018,6,2,26,27,2,1,Red Meat,27
704,MRU,6/27/2018 21:50,DXB,C,Dinner,10,2,2,8,1,2,8,17,,,2,,16,2,,1,,,,,1,1,,,,0,0,0,0,2018,6,2,26,27,2,1,Seafood,27
704,MRU,6/28/2018 21:50,DXB,C,Dinner,7,,8,21,1,,13,29,2,1,,,13,,2,1,,,1,,8,7,1,,1,0,0,0,0,2018,6,2,26,28,3,1,Poultry,42
704,MRU,6/28/2018 21:50,DXB,C,Dinner,7,,8,21,1,,13,29,2,1,,,13,,2,1,,,1,,8,7,1,,1,0,0,0,0,2018,6,2,26,28,3,1,Red Meat,42
704,MRU,6/28/2018 21:50,DXB,C,Dinner,7,,8,21,1,,13,29,2,1,,,13,,2,1,,,1,,8,7,1,,1,0,0,0,0,2018,6,2,26,28,3,1,Seafood,42
773,CPT,6/21/2018 13:05,DXB,A,Lunch,9,3,10,21,1,3,21,24,22,5,,,12,4,,1,,,,,,,,,,0,0,0,0,2018,6,2,25,21,3,1,Poultry,48
773,CPT,6/21/2018 13:05,DXB,A,Lunch,9,3,10,21,1,3,21,24,22,5,,,12,4,,1,,,,,,,,,,0,0,0,0,2018,6,2,25,21,3,1,Red Meat,48
773,CPT,6/21/2018 13:05,DXB,A,Lunch,9,3,10,21,1,3,21,24,22,5,,,12,4,,1,,,,,,,,,,0,0,0,0,2018,6,2,25,21,3,1,Seafood,48
773,CPT,6/22/2018 13:05,DXB,A,Lunch,10,7,1,23,3,8,16,20,22,2,,,12,1,,2,,,1,,,2,1,1,,0,0,0,0,2018,6,2,25,22,4,1,Poultry,44
773,CPT,6/22/2018 13:05,DXB,A,Lunch,10,7,1,23,3,8,16,20,22,2,,,12,1,,2,,,1,,,2,1,1,,0,0,0,0,2018,6,2,25,22,4,1,Red Meat,44
773,CPT,6/22/2018 13:05,DXB,A,Lunch,10,7,1,23,3,8,16,20,22,2,,,12,1,,2,,,1,,,2,1,1,,0,0,0,0,2018,6,2,25,22,4,1,Seafood,44
773,CPT,6/23/2018 13:05,DXB,A,Lunch,9,4,5,26,2,4,19,40,18,4,5,,13,,,2,,,1,,,,,,,0,0,0,0,2018,6,2,25,23,5,1,Poultry,63
773,CPT,6/23/2018 13:05,DXB,A,Lunch,9,4,5,26,2,4,19,40,18,4,5,,13,,,2,,,1,,,,,,,0,0,0,0,2018,6,2,25,23,5,1,Red Meat,63
773,CPT,6/23/2018 13:05,DXB,A,Lunch,9,4,5,26,2,4,19,40,18,4,5,,13,,,2,,,1,,,,,,,0,0,0,0,2018,6,2,25,23,5,1,Seafood,63
773,CPT,6/24/2018 13:05,DXB,A,Lunch,8,2,10,21,2,1,15,31,14,5,3,,16,1,,,,,,,,3,1,,,0,0,0,0,2018,6,2,25,24,6,1,Poultry,46
773,CPT,6/24/2018 13:05,DXB,A,Lunch,8,2,10,21,2,1,15,31,14,5,3,,16,1,,,,,,,,3,1,,,0,0,0,0,2018,6,2,25,24,6,1,Red Meat,46
773,CPT,6/24/2018 13:05,DXB,A,Lunch,8,2,10,21,2,1,15,31,14,5,3,,16,1,,,,,,,,3,1,,,0,0,0,0,2018,6,2,25,24,6,1,Seafood,46
773,CPT,6/25/2018 13:05,DXB,A,Lunch,5,4,12,17,3,4,11,26,15,14,,4,8,,,,,,,,,,,,,0,0,0,0,2018,6,2,26,25,0,1,Poultry,41
773,CPT,6/25/2018 13:05,DXB,A,Lunch,5,4,12,17,3,4,11,26,15,14,,4,8,,,,,,,,,,,,,0,0,0,0,2018,6,2,26,25,0,1,Red Meat,41
773,CPT,6/25/2018 13:05,DXB,A,Lunch,5,4,12,17,3,4,11,26,15,14,,4,8,,,,,,,,,,,,,0,0,0,0,2018,6,2,26,25,0,1,Seafood,41
773,CPT,6/26/2018 13:05,DXB,A,Lunch,10,,3,12,2,,16,16,4,13,4,,4,1,1,,,,,,,,,,,0,0,0,0,2018,6,2,26,26,1,1,Poultry,32
773,CPT,6/26/2018 13:05,DXB,A,Lunch,10,,3,12,2,,16,16,4,13,4,,4,1,1,,,,,,,,,,,0,0,0,0,2018,6,2,26,26,1,1,Red Meat,32
773,CPT,6/26/2018 13:05,DXB,A,Lunch,10,,3,12,2,,16,16,4,13,4,,4,1,1,,,,,,,,,,,0,0,0,0,2018,6,2,26,26,1,1,Seafood,32
773,CPT,6/27/2018 13:05,DXB,A,Lunch,6,3,3,13,4,2,7,22,6,5,4,,2,,3,,7,,1,,,,1,,,0,0,0,0,2018,6,2,26,27,2,1,Poultry,30
773,CPT,6/27/2018 13:05,DXB,A,Lunch,6,3,3,13,4,2,7,22,6,5,4,,2,,3,,7,,1,,,,1,,,0,0,0,0,2018,6,2,26,27,2,1,Red Meat,30
773,CPT,6/27/2018 13:05,DXB,A,Lunch,6,3,3,13,4,2,7,22,6,5,4,,2,,3,,7,,1,,,,1,,,0,0,0,0,2018,6,2,26,27,2,1,Seafood,30
773,CPT,6/28/2018 13:05,DXB,A,Lunch,11,2,5,10,2,2,11,17,9,18,,,2,,,,,,,,,,,,,0,0,0,0,2018,6,2,26,28,3,1,Poultry,30
773,CPT,6/28/2018 13:05,DXB,A,Lunch,11,2,5,10,2,2,11,17,9,18,,,2,,,,,,,,,,,,,0,0,0,0,2018,6,2,26,28,3,1,Red Meat,30
773,CPT,6/28/2018 13:05,DXB,A,Lunch,11,2,5,10,2,2,11,17,9,18,,,2,,,,,,,,,,,,,0,0,0,0,2018,6,2,26,28,3,1,Seafood,30
